run_id,batch_id,product_id,product_name,category,brand,cost_price,selling_price
deed68b6-4df2-42fc-a5d8-bf100fc91257,2026_W21,P1,Language,Sports,Noise,1838.45,4496.02
deed68b6-4df2-42fc-a5d8-bf100fc91257,2026_W21,P2,Government,Home,Adidas,3239.69,4875.98
deed68b6-4df2-42fc-a5d8-bf100fc91257,2026_W21,P3,Owner,Books,Samsung,2128.36,4299.13
deed68b6-4df2-42fc-a5d8-bf100fc91257,2026_W21,P4,Among,Beauty,Nike,2242.36,5041.99
deed68b6-4df2-42fc-a5d8-bf100fc91257,2026_W21,P5,Subject,Fashion,Apple,2818.89,5309.13
deed68b6-4df2-42fc-a5d8-bf100fc91257,2026_W21,P6,Check,Fashion,Noise,3547.46,5519.37
deed68b6-4df2-42fc-a5d8-bf100fc91257,2026_W21,P7,Must,Electronics,Samsung,4948.23,10614.87
deed68b6-4df2-42fc-a5d8-bf100fc91257,2026_W21,P8,First,Books,Apple,1926.73,3090.55
deed68b6-4df2-42fc-a5d8-bf100fc91257,2026_W21,P9,Stuff,Books,Nike,3777.73,7800.83
deed68b6-4df2-42fc-a5d8-bf100fc91257,2026_W21,P10,Member,Electronics,Nike,1004.96,2397.5
deed68b6-4df2-42fc-a5d8-bf100fc91257,2026_W21,P11,Pm,Home,Boat,3776.22,6613.15
deed68b6-4df2-42fc-a5d8-bf100fc91257,2026_W21,P12,Cold,Beauty,Apple,4230.99,9823.03
deed68b6-4df2-42fc-a5d8-bf100fc91257,2026_W21,P13,Issue,Beauty,Sony,1252.81,2561.34
deed68b6-4df2-42fc-a5d8-bf100fc91257,2026_W21,P14,Hand,Home,Apple,2651.04,4451.61
deed68b6-4df2-42fc-a5d8-bf100fc91257,2026_W21,P15,More,Beauty,Adidas,864.64,1873.42
deed68b6-4df2-42fc-a5d8-bf100fc91257,2026_W21,P16,Law,Books,Noise,4000.57,8859.6
deed68b6-4df2-42fc-a5d8-bf100fc91257,2026_W21,P17,Management,Electronics,Sony,2367.5,5311.16
deed68b6-4df2-42fc-a5d8-bf100fc91257,2026_W21,P18,Process,Books,Boat,4744.14,7644.95
deed68b6-4df2-42fc-a5d8-bf100fc91257,2026_W21,P19,Public,Sports,Dell,4488.65,7557.25
deed68b6-4df2-42fc-a5d8-bf100fc91257,2026_W21,P20,Difficult,Books,Adidas,1153.71,2235.33
deed68b6-4df2-42fc-a5d8-bf100fc91257,2026_W21,P21,Help,Home,Puma,4120.2,6763.9
deed68b6-4df2-42fc-a5d8-bf100fc91257,2026_W21,P22,Structure,Sports,Nokia,4864.04,10728.71
deed68b6-4df2-42fc-a5d8-bf100fc91257,2026_W21,P23,Listen,Fashion,Sony,2008.07,4083.91
deed68b6-4df2-42fc-a5d8-bf100fc91257,2026_W21,P24,Perform,Fashion,Dell,1971.87,3255.66
deed68b6-4df2-42fc-a5d8-bf100fc91257,2026_W21,P25,Stuff,Beauty,Boat,4875.31,9418.31
deed68b6-4df2-42fc-a5d8-bf100fc91257,2026_W21,P26,Life,Electronics,Sony,2928.88,5813.07
deed68b6-4df2-42fc-a5d8-bf100fc91257,2026_W21,P27,White,Books,Samsung,1358.19,2975.26
deed68b6-4df2-42fc-a5d8-bf100fc91257,2026_W21,P28,People,Fashion,Sony,2719.27,4699.44
deed68b6-4df2-42fc-a5d8-bf100fc91257,2026_W21,P29,Kitchen,Beauty,Nike,3355.23,8207.03
deed68b6-4df2-42fc-a5d8-bf100fc91257,2026_W21,P30,Play,Beauty,Nokia,978.84,2303.16
deed68b6-4df2-42fc-a5d8-bf100fc91257,2026_W21,P31,East,Fashion,Noise,2515.17,5344.25
deed68b6-4df2-42fc-a5d8-bf100fc91257,2026_W21,P32,Camera,Sports,Nokia,2168.71,4128.59
deed68b6-4df2-42fc-a5d8-bf100fc91257,2026_W21,P33,Dinner,Beauty,Sony,2422.19,4836.73
deed68b6-4df2-42fc-a5d8-bf100fc91257,2026_W21,P34,Strong,Beauty,Apple,4805.18,8521.7
deed68b6-4df2-42fc-a5d8-bf100fc91257,2026_W21,P35,Boy,Books,Puma,1983.63,4691.72
deed68b6-4df2-42fc-a5d8-bf100fc91257,2026_W21,P36,Form,Sports,Samsung,1029.55,2180.69
deed68b6-4df2-42fc-a5d8-bf100fc91257,2026_W21,P37,Peace,Home,Noise,1040.21,1756.47
deed68b6-4df2-42fc-a5d8-bf100fc91257,2026_W21,P38,This,Beauty,Boat,2345.92,4435.81
deed68b6-4df2-42fc-a5d8-bf100fc91257,2026_W21,P39,Travel,Books,Sony,2848.53,4687.58
deed68b6-4df2-42fc-a5d8-bf100fc91257,2026_W21,P40,Mouth,Electronics,Nike,1602.72,2742.25
deed68b6-4df2-42fc-a5d8-bf100fc91257,2026_W21,P41,Play,Electronics,Puma,3742.01,8452.32
deed68b6-4df2-42fc-a5d8-bf100fc91257,2026_W21,P42,Congress,Fashion,Adidas,3646.26,6540.91
deed68b6-4df2-42fc-a5d8-bf100fc91257,2026_W21,P43,Pattern,Electronics,Apple,4714.93,11148.09
deed68b6-4df2-42fc-a5d8-bf100fc91257,2026_W21,P44,Training,Beauty,Nokia,3626.86,7135.68
deed68b6-4df2-42fc-a5d8-bf100fc91257,2026_W21,P45,Article,Home,Boat,2181.51,3980.62
deed68b6-4df2-42fc-a5d8-bf100fc91257,2026_W21,P46,Eat,Home,Nokia,2198.35,4154.62
deed68b6-4df2-42fc-a5d8-bf100fc91257,2026_W21,P47,Serve,Sports,Boat,3183.4,7219.47
deed68b6-4df2-42fc-a5d8-bf100fc91257,2026_W21,P48,Which,Electronics,Sony,1127.41,1736.48
deed68b6-4df2-42fc-a5d8-bf100fc91257,2026_W21,P49,Moment,Fashion,Nokia,3833.71,6388.05
deed68b6-4df2-42fc-a5d8-bf100fc91257,2026_W21,P50,Then,Electronics,Noise,1081.56,1811.03
deed68b6-4df2-42fc-a5d8-bf100fc91257,2026_W21,P51,Set,Sports,Samsung,2935.19,7278.1
deed68b6-4df2-42fc-a5d8-bf100fc91257,2026_W21,P52,Report,Sports,Adidas,4264.53,6875.02
deed68b6-4df2-42fc-a5d8-bf100fc91257,2026_W21,P53,Usually,Home,Dell,4939.67,9824.37
deed68b6-4df2-42fc-a5d8-bf100fc91257,2026_W21,P54,Continue,Electronics,Samsung,1573.28,3192.05
deed68b6-4df2-42fc-a5d8-bf100fc91257,2026_W21,P55,Affect,Sports,Sony,939.11,2345.81
deed68b6-4df2-42fc-a5d8-bf100fc91257,2026_W21,P56,Whole,Electronics,Nike,3636.39,7164.75
deed68b6-4df2-42fc-a5d8-bf100fc91257,2026_W21,P57,Push,Home,Adidas,3392.78,5396.05
deed68b6-4df2-42fc-a5d8-bf100fc91257,2026_W21,P58,Before,Electronics,Puma,2756.14,5670.77
deed68b6-4df2-42fc-a5d8-bf100fc91257,2026_W21,P59,Reality,Fashion,Sony,4926.68,11935.69
deed68b6-4df2-42fc-a5d8-bf100fc91257,2026_W21,P60,Ask,Books,Dell,2852.45,5508.41
deed68b6-4df2-42fc-a5d8-bf100fc91257,2026_W21,P61,Travel,Sports,Dell,1604.88,2517.05
deed68b6-4df2-42fc-a5d8-bf100fc91257,2026_W21,P62,Organization,Home,Sony,2318.26,4045.32
deed68b6-4df2-42fc-a5d8-bf100fc91257,2026_W21,P63,Few,Electronics,Dell,4939.67,11596.91
deed68b6-4df2-42fc-a5d8-bf100fc91257,2026_W21,P64,Themselves,Electronics,Dell,2202.7,4820.67
deed68b6-4df2-42fc-a5d8-bf100fc91257,2026_W21,P65,Raise,Books,Samsung,3501.45,7771.03
deed68b6-4df2-42fc-a5d8-bf100fc91257,2026_W21,P66,Region,Electronics,Adidas,2065.65,4635.0
deed68b6-4df2-42fc-a5d8-bf100fc91257,2026_W21,P67,Strong,Electronics,Nokia,1398.41,2203.15
deed68b6-4df2-42fc-a5d8-bf100fc91257,2026_W21,P68,Pull,Books,Boat,2535.83,5723.42
deed68b6-4df2-42fc-a5d8-bf100fc91257,2026_W21,P69,About,Sports,Sony,2473.88,3762.27
deed68b6-4df2-42fc-a5d8-bf100fc91257,2026_W21,P70,Mean,Sports,Adidas,2848.63,5020.2
deed68b6-4df2-42fc-a5d8-bf100fc91257,2026_W21,P71,Hotel,Fashion,Nike,1268.92,2533.88
deed68b6-4df2-42fc-a5d8-bf100fc91257,2026_W21,P72,Lose,Sports,Puma,1060.43,2112.56
deed68b6-4df2-42fc-a5d8-bf100fc91257,2026_W21,P73,Soldier,Home,Adidas,4065.74,6543.73
deed68b6-4df2-42fc-a5d8-bf100fc91257,2026_W21,P74,Treat,Fashion,Nokia,2373.02,5757.48
deed68b6-4df2-42fc-a5d8-bf100fc91257,2026_W21,P75,School,Books,Nike,3820.39,9229.07
deed68b6-4df2-42fc-a5d8-bf100fc91257,2026_W21,P76,Physical,Electronics,Sony,4408.61,8726.42
deed68b6-4df2-42fc-a5d8-bf100fc91257,2026_W21,P77,Individual,Fashion,Puma,3489.85,8722.11
deed68b6-4df2-42fc-a5d8-bf100fc91257,2026_W21,P78,Improve,Books,Sony,3019.76,4716.92
deed68b6-4df2-42fc-a5d8-bf100fc91257,2026_W21,P79,Least,Electronics,Adidas,2774.55,5724.67
deed68b6-4df2-42fc-a5d8-bf100fc91257,2026_W21,P80,Tree,Sports,Samsung,1208.55,2808.24
deed68b6-4df2-42fc-a5d8-bf100fc91257,2026_W21,P81,Certainly,Fashion,Boat,2037.98,3345.09
deed68b6-4df2-42fc-a5d8-bf100fc91257,2026_W21,P82,Effort,Sports,Boat,3046.1,7103.61
deed68b6-4df2-42fc-a5d8-bf100fc91257,2026_W21,P83,Down,Electronics,Puma,4305.48,7897.69
deed68b6-4df2-42fc-a5d8-bf100fc91257,2026_W21,P84,Bank,Books,Noise,1707.9,3289.99
deed68b6-4df2-42fc-a5d8-bf100fc91257,2026_W21,P85,North,Books,Samsung,2254.61,3634.86
deed68b6-4df2-42fc-a5d8-bf100fc91257,2026_W21,P86,A,Electronics,Nike,1321.44,3003.54
deed68b6-4df2-42fc-a5d8-bf100fc91257,2026_W21,P87,Suggest,Fashion,Samsung,4591.32,10712.66
deed68b6-4df2-42fc-a5d8-bf100fc91257,2026_W21,P88,Like,Beauty,Noise,2172.85,4659.4
deed68b6-4df2-42fc-a5d8-bf100fc91257,2026_W21,P89,East,Electronics,Nike,1720.01,3289.62
deed68b6-4df2-42fc-a5d8-bf100fc91257,2026_W21,P90,Every,Home,Nokia,3378.71,5528.74
deed68b6-4df2-42fc-a5d8-bf100fc91257,2026_W21,P91,Full,Beauty,Nike,4218.34,7374.99
deed68b6-4df2-42fc-a5d8-bf100fc91257,2026_W21,P92,Sea,Beauty,Sony,3453.51,5196.83
deed68b6-4df2-42fc-a5d8-bf100fc91257,2026_W21,P93,Particular,Home,Apple,4018.91,7277.89
deed68b6-4df2-42fc-a5d8-bf100fc91257,2026_W21,P94,Appear,Beauty,Apple,1860.62,4643.27
deed68b6-4df2-42fc-a5d8-bf100fc91257,2026_W21,P95,Wall,Sports,Sony,3854.12,8691.11
deed68b6-4df2-42fc-a5d8-bf100fc91257,2026_W21,P96,Very,Sports,Apple,3436.34,5701.75
deed68b6-4df2-42fc-a5d8-bf100fc91257,2026_W21,P97,Foreign,Books,Apple,3373.24,5482.88
deed68b6-4df2-42fc-a5d8-bf100fc91257,2026_W21,P98,Three,Home,Nokia,3062.36,5878.57
deed68b6-4df2-42fc-a5d8-bf100fc91257,2026_W21,P99,Line,Fashion,Boat,4803.31,11308.96
deed68b6-4df2-42fc-a5d8-bf100fc91257,2026_W21,P100,Agency,Electronics,Adidas,3570.95,7947.04
deed68b6-4df2-42fc-a5d8-bf100fc91257,2026_W21,P101,Begin,Home,Dell,1264.1,1900.45
deed68b6-4df2-42fc-a5d8-bf100fc91257,2026_W21,P102,Take,Fashion,Dell,3601.47,8900.94
deed68b6-4df2-42fc-a5d8-bf100fc91257,2026_W21,P103,Today,Sports,Adidas,2820.19,4578.28
deed68b6-4df2-42fc-a5d8-bf100fc91257,2026_W21,P104,Couple,Books,Apple,3159.69,5851.79
deed68b6-4df2-42fc-a5d8-bf100fc91257,2026_W21,P105,Raise,Electronics,Dell,1876.63,4224.61
deed68b6-4df2-42fc-a5d8-bf100fc91257,2026_W21,P106,Next,Beauty,Noise,1595.31,2436.19
deed68b6-4df2-42fc-a5d8-bf100fc91257,2026_W21,P107,Say,Fashion,Adidas,1551.15,3319.91
deed68b6-4df2-42fc-a5d8-bf100fc91257,2026_W21,P108,Process,Sports,Samsung,1246.11,2610.64
deed68b6-4df2-42fc-a5d8-bf100fc91257,2026_W21,P109,Building,Beauty,Apple,2559.6,4912.79
deed68b6-4df2-42fc-a5d8-bf100fc91257,2026_W21,P110,His,Sports,Puma,3470.75,8298.28
deed68b6-4df2-42fc-a5d8-bf100fc91257,2026_W21,P111,Expect,Home,Sony,2355.52,3787.77
deed68b6-4df2-42fc-a5d8-bf100fc91257,2026_W21,P112,Worry,Beauty,Sony,2935.3,6849.8
deed68b6-4df2-42fc-a5d8-bf100fc91257,2026_W21,P113,Knowledge,Beauty,Apple,3819.19,6615.18
deed68b6-4df2-42fc-a5d8-bf100fc91257,2026_W21,P114,Style,Books,Nokia,1115.57,1747.2
deed68b6-4df2-42fc-a5d8-bf100fc91257,2026_W21,P115,Role,Books,Nokia,961.73,1971.78
deed68b6-4df2-42fc-a5d8-bf100fc91257,2026_W21,P116,Life,Beauty,Apple,1295.48,2004.34
deed68b6-4df2-42fc-a5d8-bf100fc91257,2026_W21,P117,Own,Fashion,Nokia,3775.76,8177.18
deed68b6-4df2-42fc-a5d8-bf100fc91257,2026_W21,P118,Accept,Home,Sony,4336.11,9703.87
deed68b6-4df2-42fc-a5d8-bf100fc91257,2026_W21,P119,Cover,Electronics,Boat,1723.4,3909.98
deed68b6-4df2-42fc-a5d8-bf100fc91257,2026_W21,P120,Trouble,Fashion,Nokia,2170.74,4031.33
deed68b6-4df2-42fc-a5d8-bf100fc91257,2026_W21,P121,Still,Sports,Puma,2429.21,5065.36
deed68b6-4df2-42fc-a5d8-bf100fc91257,2026_W21,P122,Yet,Books,Noise,4458.49,10194.85
deed68b6-4df2-42fc-a5d8-bf100fc91257,2026_W21,P123,Place,Beauty,Nokia,2773.15,6587.5
deed68b6-4df2-42fc-a5d8-bf100fc91257,2026_W21,P124,Trip,Home,Nokia,1795.9,3348.22
deed68b6-4df2-42fc-a5d8-bf100fc91257,2026_W21,P125,Today,Sports,Boat,1427.26,2788.58
deed68b6-4df2-42fc-a5d8-bf100fc91257,2026_W21,P126,Production,Fashion,Samsung,2716.31,6577.75
deed68b6-4df2-42fc-a5d8-bf100fc91257,2026_W21,P127,Quickly,Electronics,Apple,1193.03,2665.71
deed68b6-4df2-42fc-a5d8-bf100fc91257,2026_W21,P128,Money,Fashion,Noise,4338.25,10717.97
deed68b6-4df2-42fc-a5d8-bf100fc91257,2026_W21,P129,Which,Books,Noise,4089.32,7442.08
deed68b6-4df2-42fc-a5d8-bf100fc91257,2026_W21,P130,Prevent,Fashion,Nokia,2884.64,5142.14
deed68b6-4df2-42fc-a5d8-bf100fc91257,2026_W21,P131,Once,Books,Adidas,3367.47,6625.36
deed68b6-4df2-42fc-a5d8-bf100fc91257,2026_W21,P132,Suddenly,Books,Boat,1966.65,3794.75
deed68b6-4df2-42fc-a5d8-bf100fc91257,2026_W21,P133,Social,Fashion,Nokia,1554.0,2982.21
deed68b6-4df2-42fc-a5d8-bf100fc91257,2026_W21,P134,Mrs,Home,Apple,2060.88,4819.04
deed68b6-4df2-42fc-a5d8-bf100fc91257,2026_W21,P135,Drop,Sports,Sony,3400.51,5589.22
deed68b6-4df2-42fc-a5d8-bf100fc91257,2026_W21,P136,Safe,Fashion,Apple,1601.08,3947.24
deed68b6-4df2-42fc-a5d8-bf100fc91257,2026_W21,P137,Threat,Books,Dell,2015.56,3839.12
deed68b6-4df2-42fc-a5d8-bf100fc91257,2026_W21,P138,Statement,Fashion,Samsung,3497.15,8687.95
deed68b6-4df2-42fc-a5d8-bf100fc91257,2026_W21,P139,Box,Electronics,Sony,2961.28,5224.86
deed68b6-4df2-42fc-a5d8-bf100fc91257,2026_W21,P140,Rock,Sports,Samsung,893.53,1621.36
deed68b6-4df2-42fc-a5d8-bf100fc91257,2026_W21,P141,Challenge,Sports,Nokia,4092.69,10068.94
deed68b6-4df2-42fc-a5d8-bf100fc91257,2026_W21,P142,Will,Fashion,Nike,4946.9,8026.73
deed68b6-4df2-42fc-a5d8-bf100fc91257,2026_W21,P143,Billion,Fashion,Adidas,2596.25,6251.26
deed68b6-4df2-42fc-a5d8-bf100fc91257,2026_W21,P144,Upon,Fashion,Puma,3273.88,7176.95
deed68b6-4df2-42fc-a5d8-bf100fc91257,2026_W21,P145,Action,Beauty,Noise,3747.85,5865.71
deed68b6-4df2-42fc-a5d8-bf100fc91257,2026_W21,P146,Program,Electronics,Adidas,1395.4,3140.7
deed68b6-4df2-42fc-a5d8-bf100fc91257,2026_W21,P147,Environment,Books,Nike,2813.45,6859.24
deed68b6-4df2-42fc-a5d8-bf100fc91257,2026_W21,P148,In,Electronics,Puma,3756.76,7221.23
deed68b6-4df2-42fc-a5d8-bf100fc91257,2026_W21,P149,Him,Electronics,Dell,1056.97,2212.99
deed68b6-4df2-42fc-a5d8-bf100fc91257,2026_W21,P150,Painting,Home,Puma,2834.97,4417.78
deed68b6-4df2-42fc-a5d8-bf100fc91257,2026_W21,P151,Herself,Books,Sony,982.24,1545.05
deed68b6-4df2-42fc-a5d8-bf100fc91257,2026_W21,P152,Book,Electronics,Noise,3288.98,6780.36
deed68b6-4df2-42fc-a5d8-bf100fc91257,2026_W21,P153,White,Electronics,Samsung,1991.59,3062.93
deed68b6-4df2-42fc-a5d8-bf100fc91257,2026_W21,P154,There,Fashion,Sony,4931.14,9475.6
deed68b6-4df2-42fc-a5d8-bf100fc91257,2026_W21,P155,Maybe,Electronics,Samsung,1165.42,2532.43
deed68b6-4df2-42fc-a5d8-bf100fc91257,2026_W21,P156,Former,Sports,Dell,3419.24,7228.7
deed68b6-4df2-42fc-a5d8-bf100fc91257,2026_W21,P157,Physical,Home,Samsung,1331.79,2105.03
deed68b6-4df2-42fc-a5d8-bf100fc91257,2026_W21,P158,Address,Books,Noise,4268.77,9941.45
deed68b6-4df2-42fc-a5d8-bf100fc91257,2026_W21,P159,Fire,Electronics,Adidas,3705.61,8245.12
deed68b6-4df2-42fc-a5d8-bf100fc91257,2026_W21,P160,Simply,Electronics,Nokia,1953.9,4598.05
deed68b6-4df2-42fc-a5d8-bf100fc91257,2026_W21,P161,Perform,Home,Nike,4337.63,8568.43
deed68b6-4df2-42fc-a5d8-bf100fc91257,2026_W21,P162,Hour,Electronics,Samsung,1320.15,2363.18
deed68b6-4df2-42fc-a5d8-bf100fc91257,2026_W21,P163,Lay,Electronics,Boat,4990.21,9737.12
deed68b6-4df2-42fc-a5d8-bf100fc91257,2026_W21,P164,Money,Fashion,Puma,1477.25,3151.37
deed68b6-4df2-42fc-a5d8-bf100fc91257,2026_W21,P165,Continue,Home,Noise,4831.71,9063.31
deed68b6-4df2-42fc-a5d8-bf100fc91257,2026_W21,P166,Other,Home,Sony,3154.57,7539.45
deed68b6-4df2-42fc-a5d8-bf100fc91257,2026_W21,P167,Often,Beauty,Apple,3437.58,5167.77
deed68b6-4df2-42fc-a5d8-bf100fc91257,2026_W21,P168,Two,Sports,Nike,1653.99,2654.54
deed68b6-4df2-42fc-a5d8-bf100fc91257,2026_W21,P169,Matter,Beauty,Samsung,1043.54,1920.08
deed68b6-4df2-42fc-a5d8-bf100fc91257,2026_W21,P170,If,Sports,Apple,1215.69,2175.89
deed68b6-4df2-42fc-a5d8-bf100fc91257,2026_W21,P171,But,Sports,Apple,912.86,1827.51
deed68b6-4df2-42fc-a5d8-bf100fc91257,2026_W21,P172,Who,Books,Apple,2108.81,3430.35
deed68b6-4df2-42fc-a5d8-bf100fc91257,2026_W21,P173,Throw,Sports,Samsung,4597.26,8608.07
deed68b6-4df2-42fc-a5d8-bf100fc91257,2026_W21,P174,Food,Home,Dell,2887.99,6055.44
deed68b6-4df2-42fc-a5d8-bf100fc91257,2026_W21,P175,Might,Home,Samsung,2002.68,4652.94
deed68b6-4df2-42fc-a5d8-bf100fc91257,2026_W21,P176,Music,Home,Samsung,4366.5,7522.58
deed68b6-4df2-42fc-a5d8-bf100fc91257,2026_W21,P177,Interest,Home,Boat,850.02,2114.61
deed68b6-4df2-42fc-a5d8-bf100fc91257,2026_W21,P178,Sea,Electronics,Boat,1775.47,3701.34
deed68b6-4df2-42fc-a5d8-bf100fc91257,2026_W21,P179,Federal,Fashion,Nike,983.81,1843.88
deed68b6-4df2-42fc-a5d8-bf100fc91257,2026_W21,P180,Ahead,Home,Boat,1039.61,2263.14
deed68b6-4df2-42fc-a5d8-bf100fc91257,2026_W21,P181,Sort,Home,Noise,922.9,1570.5
deed68b6-4df2-42fc-a5d8-bf100fc91257,2026_W21,P182,Finish,Books,Puma,2383.94,3983.3
deed68b6-4df2-42fc-a5d8-bf100fc91257,2026_W21,P183,Grow,Home,Dell,3679.77,6737.34
deed68b6-4df2-42fc-a5d8-bf100fc91257,2026_W21,P184,Level,Fashion,Apple,3924.43,6914.97
deed68b6-4df2-42fc-a5d8-bf100fc91257,2026_W21,P185,Whether,Sports,Samsung,4806.68,10966.49
deed68b6-4df2-42fc-a5d8-bf100fc91257,2026_W21,P186,Much,Electronics,Samsung,1901.82,4611.11
deed68b6-4df2-42fc-a5d8-bf100fc91257,2026_W21,P187,Evening,Books,Puma,3844.75,6222.33
deed68b6-4df2-42fc-a5d8-bf100fc91257,2026_W21,P188,Realize,Home,Sony,1012.61,2274.38
deed68b6-4df2-42fc-a5d8-bf100fc91257,2026_W21,P189,Difficult,Home,Nokia,3102.15,7128.02
deed68b6-4df2-42fc-a5d8-bf100fc91257,2026_W21,P190,Instead,Electronics,Samsung,3899.93,6645.61
deed68b6-4df2-42fc-a5d8-bf100fc91257,2026_W21,P191,Cost,Books,Apple,4356.03,6566.05
deed68b6-4df2-42fc-a5d8-bf100fc91257,2026_W21,P192,Time,Fashion,Sony,3300.38,5605.91
deed68b6-4df2-42fc-a5d8-bf100fc91257,2026_W21,P193,Wind,Books,Apple,1588.87,3964.25
deed68b6-4df2-42fc-a5d8-bf100fc91257,2026_W21,P194,Mention,Sports,Nike,1415.72,3423.85
deed68b6-4df2-42fc-a5d8-bf100fc91257,2026_W21,P195,Reason,Books,Adidas,3305.83,6985.04
deed68b6-4df2-42fc-a5d8-bf100fc91257,2026_W21,P196,Raise,Books,Nokia,4247.54,10132.37
deed68b6-4df2-42fc-a5d8-bf100fc91257,2026_W21,P197,Political,Books,Noise,2949.81,5852.94
deed68b6-4df2-42fc-a5d8-bf100fc91257,2026_W21,P198,With,Beauty,Samsung,3205.27,5771.76
deed68b6-4df2-42fc-a5d8-bf100fc91257,2026_W21,P199,Want,Beauty,Sony,4522.83,8372.83
deed68b6-4df2-42fc-a5d8-bf100fc91257,2026_W21,P200,Arm,Fashion,Nokia,3159.8,6332.22
f05decff-45e7-4a4a-9019-0b81ba74d299,2026_W22,P1,Still,Books,Dell,2778.73,6823.54
f05decff-45e7-4a4a-9019-0b81ba74d299,2026_W22,P2,Return,Fashion,Puma,1012.2,1543.5
f05decff-45e7-4a4a-9019-0b81ba74d299,2026_W22,P3,Certainly,Home,Boat,2780.11,6299.72
f05decff-45e7-4a4a-9019-0b81ba74d299,2026_W22,P4,Event,Electronics,Apple,4912.62,11646.79
f05decff-45e7-4a4a-9019-0b81ba74d299,2026_W22,P5,Religious,Books,Nike,3542.72,5785.73
f05decff-45e7-4a4a-9019-0b81ba74d299,2026_W22,P6,Chance,Fashion,Nokia,4444.51,7042.99
f05decff-45e7-4a4a-9019-0b81ba74d299,2026_W22,P7,Certainly,Home,Apple,3940.24,8530.81
f05decff-45e7-4a4a-9019-0b81ba74d299,2026_W22,P8,Film,Electronics,Boat,4858.69,7997.84
f05decff-45e7-4a4a-9019-0b81ba74d299,2026_W22,P9,Wait,Home,Puma,3355.92,5369.05
f05decff-45e7-4a4a-9019-0b81ba74d299,2026_W22,P10,Person,Books,Noise,2829.0,6983.65
f05decff-45e7-4a4a-9019-0b81ba74d299,2026_W22,P11,Check,Home,Adidas,2920.77,4897.66
f05decff-45e7-4a4a-9019-0b81ba74d299,2026_W22,P12,Source,Sports,Noise,4200.18,7089.88
f05decff-45e7-4a4a-9019-0b81ba74d299,2026_W22,P13,Similar,Beauty,Noise,4457.11,6805.73
f05decff-45e7-4a4a-9019-0b81ba74d299,2026_W22,P14,Simple,Sports,Nokia,2161.58,4944.6
f05decff-45e7-4a4a-9019-0b81ba74d299,2026_W22,P15,Help,Home,Boat,1121.46,2472.77
f05decff-45e7-4a4a-9019-0b81ba74d299,2026_W22,P16,Boy,Electronics,Apple,2350.13,4498.86
f05decff-45e7-4a4a-9019-0b81ba74d299,2026_W22,P17,Question,Electronics,Nike,1345.06,3339.42
f05decff-45e7-4a4a-9019-0b81ba74d299,2026_W22,P18,Degree,Books,Samsung,1334.62,2101.11
f05decff-45e7-4a4a-9019-0b81ba74d299,2026_W22,P19,Truth,Books,Boat,4778.74,10873.73
f05decff-45e7-4a4a-9019-0b81ba74d299,2026_W22,P20,Strong,Sports,Samsung,3178.28,6465.0
f05decff-45e7-4a4a-9019-0b81ba74d299,2026_W22,P21,Yeah,Home,Noise,4300.7,7585.24
f05decff-45e7-4a4a-9019-0b81ba74d299,2026_W22,P22,Drive,Books,Noise,3141.62,6284.85
f05decff-45e7-4a4a-9019-0b81ba74d299,2026_W22,P23,Step,Electronics,Nokia,1087.94,2281.71
f05decff-45e7-4a4a-9019-0b81ba74d299,2026_W22,P24,Evidence,Sports,Dell,2651.87,4886.78
f05decff-45e7-4a4a-9019-0b81ba74d299,2026_W22,P25,Lawyer,Books,Dell,2013.7,4602.38
f05decff-45e7-4a4a-9019-0b81ba74d299,2026_W22,P26,Out,Home,Sony,4022.76,8687.74
f05decff-45e7-4a4a-9019-0b81ba74d299,2026_W22,P27,Suddenly,Books,Nike,2737.47,6106.97
f05decff-45e7-4a4a-9019-0b81ba74d299,2026_W22,P28,Recognize,Sports,Apple,1825.05,3349.46
f05decff-45e7-4a4a-9019-0b81ba74d299,2026_W22,P29,His,Sports,Nokia,3733.03,7432.15
f05decff-45e7-4a4a-9019-0b81ba74d299,2026_W22,P30,Always,Electronics,Puma,4467.69,10909.65
f05decff-45e7-4a4a-9019-0b81ba74d299,2026_W22,P31,Need,Electronics,Noise,1917.97,4234.09
f05decff-45e7-4a4a-9019-0b81ba74d299,2026_W22,P32,Girl,Fashion,Adidas,1775.13,3711.51
f05decff-45e7-4a4a-9019-0b81ba74d299,2026_W22,P33,Response,Books,Adidas,4873.48,7861.44
f05decff-45e7-4a4a-9019-0b81ba74d299,2026_W22,P34,Put,Books,Dell,3843.96,8777.08
f05decff-45e7-4a4a-9019-0b81ba74d299,2026_W22,P35,Soldier,Sports,Boat,1839.41,3801.69
f05decff-45e7-4a4a-9019-0b81ba74d299,2026_W22,P36,Grow,Electronics,Nokia,3603.46,8838.75
f05decff-45e7-4a4a-9019-0b81ba74d299,2026_W22,P37,Side,Books,Nokia,4782.31,9886.76
f05decff-45e7-4a4a-9019-0b81ba74d299,2026_W22,P38,Attorney,Sports,Adidas,4122.45,7075.19
f05decff-45e7-4a4a-9019-0b81ba74d299,2026_W22,P39,Law,Books,Noise,3054.88,5048.64
f05decff-45e7-4a4a-9019-0b81ba74d299,2026_W22,P40,Everybody,Fashion,Boat,1741.93,4177.53
f05decff-45e7-4a4a-9019-0b81ba74d299,2026_W22,P41,In,Electronics,Samsung,2961.8,7272.45
f05decff-45e7-4a4a-9019-0b81ba74d299,2026_W22,P42,Establish,Electronics,Apple,3037.51,5949.92
f05decff-45e7-4a4a-9019-0b81ba74d299,2026_W22,P43,Animal,Electronics,Nike,4822.16,9948.84
f05decff-45e7-4a4a-9019-0b81ba74d299,2026_W22,P44,Seven,Electronics,Sony,921.85,1679.28
f05decff-45e7-4a4a-9019-0b81ba74d299,2026_W22,P45,So,Beauty,Sony,4781.72,7618.9
f05decff-45e7-4a4a-9019-0b81ba74d299,2026_W22,P46,East,Beauty,Apple,3207.42,7595.79
f05decff-45e7-4a4a-9019-0b81ba74d299,2026_W22,P47,Prevent,Beauty,Sony,2871.57,4728.62
f05decff-45e7-4a4a-9019-0b81ba74d299,2026_W22,P48,Meeting,Fashion,Sony,4463.81,10990.29
f05decff-45e7-4a4a-9019-0b81ba74d299,2026_W22,P49,Degree,Sports,Nokia,2191.8,4925.87
f05decff-45e7-4a4a-9019-0b81ba74d299,2026_W22,P50,Candidate,Electronics,Samsung,876.71,2033.45
f05decff-45e7-4a4a-9019-0b81ba74d299,2026_W22,P51,Area,Sports,Sony,3925.49,6572.59
f05decff-45e7-4a4a-9019-0b81ba74d299,2026_W22,P52,Per,Sports,Adidas,2057.6,4538.36
f05decff-45e7-4a4a-9019-0b81ba74d299,2026_W22,P53,Week,Home,Puma,3789.54,8018.26
f05decff-45e7-4a4a-9019-0b81ba74d299,2026_W22,P54,Call,Books,Samsung,2535.69,5968.84
f05decff-45e7-4a4a-9019-0b81ba74d299,2026_W22,P55,Always,Books,Nokia,4467.68,10434.9
f05decff-45e7-4a4a-9019-0b81ba74d299,2026_W22,P56,Lose,Sports,Nike,4268.71,9725.09
f05decff-45e7-4a4a-9019-0b81ba74d299,2026_W22,P57,Authority,Fashion,Apple,1697.36,3408.89
f05decff-45e7-4a4a-9019-0b81ba74d299,2026_W22,P58,There,Books,Puma,1113.98,2716.51
f05decff-45e7-4a4a-9019-0b81ba74d299,2026_W22,P59,Above,Electronics,Nike,2563.32,4892.96
f05decff-45e7-4a4a-9019-0b81ba74d299,2026_W22,P60,Final,Beauty,Apple,1433.31,3458.47
f05decff-45e7-4a4a-9019-0b81ba74d299,2026_W22,P61,Indicate,Electronics,Boat,3943.13,7261.62
f05decff-45e7-4a4a-9019-0b81ba74d299,2026_W22,P62,Authority,Beauty,Sony,894.04,2150.19
f05decff-45e7-4a4a-9019-0b81ba74d299,2026_W22,P63,Key,Books,Boat,3588.96,5767.08
f05decff-45e7-4a4a-9019-0b81ba74d299,2026_W22,P64,Region,Fashion,Nokia,2461.16,5141.6
f05decff-45e7-4a4a-9019-0b81ba74d299,2026_W22,P65,Street,Beauty,Noise,1199.33,1802.09
f05decff-45e7-4a4a-9019-0b81ba74d299,2026_W22,P66,Market,Electronics,Nike,2676.32,5399.1
f05decff-45e7-4a4a-9019-0b81ba74d299,2026_W22,P67,Fund,Electronics,Apple,4070.44,6555.74
f05decff-45e7-4a4a-9019-0b81ba74d299,2026_W22,P68,Writer,Beauty,Nike,4967.72,10947.39
f05decff-45e7-4a4a-9019-0b81ba74d299,2026_W22,P69,Blue,Beauty,Noise,3640.65,5881.18
f05decff-45e7-4a4a-9019-0b81ba74d299,2026_W22,P70,Foot,Home,Sony,1020.13,2246.89
f05decff-45e7-4a4a-9019-0b81ba74d299,2026_W22,P71,Pretty,Beauty,Apple,3048.36,5001.28
f05decff-45e7-4a4a-9019-0b81ba74d299,2026_W22,P72,Resource,Sports,Noise,3274.59,8163.39
f05decff-45e7-4a4a-9019-0b81ba74d299,2026_W22,P73,Service,Electronics,Boat,4944.21,10930.99
f05decff-45e7-4a4a-9019-0b81ba74d299,2026_W22,P74,Benefit,Beauty,Sony,3918.84,8026.5
f05decff-45e7-4a4a-9019-0b81ba74d299,2026_W22,P75,Middle,Home,Puma,1440.96,3046.83
f05decff-45e7-4a4a-9019-0b81ba74d299,2026_W22,P76,Recent,Books,Samsung,1713.17,3664.46
f05decff-45e7-4a4a-9019-0b81ba74d299,2026_W22,P77,Result,Home,Sony,2853.02,6432.15
f05decff-45e7-4a4a-9019-0b81ba74d299,2026_W22,P78,Fund,Beauty,Puma,2979.96,4707.59
f05decff-45e7-4a4a-9019-0b81ba74d299,2026_W22,P79,Apply,Home,Sony,1615.64,2810.31
f05decff-45e7-4a4a-9019-0b81ba74d299,2026_W22,P80,Guess,Home,Nike,3143.13,7227.02
f05decff-45e7-4a4a-9019-0b81ba74d299,2026_W22,P81,Let,Electronics,Adidas,1050.49,1659.37
f05decff-45e7-4a4a-9019-0b81ba74d299,2026_W22,P82,Which,Sports,Apple,1104.76,1796.79
f05decff-45e7-4a4a-9019-0b81ba74d299,2026_W22,P83,Perform,Sports,Nokia,2649.88,5070.2
f05decff-45e7-4a4a-9019-0b81ba74d299,2026_W22,P84,Cover,Sports,Dell,3723.76,8271.97
f05decff-45e7-4a4a-9019-0b81ba74d299,2026_W22,P85,Minute,Beauty,Nike,3358.97,7274.5
f05decff-45e7-4a4a-9019-0b81ba74d299,2026_W22,P86,True,Beauty,Boat,4125.47,7794.14
f05decff-45e7-4a4a-9019-0b81ba74d299,2026_W22,P87,Teacher,Sports,Sony,3987.53,7395.64
f05decff-45e7-4a4a-9019-0b81ba74d299,2026_W22,P88,Relate,Beauty,Sony,1586.6,2502.34
f05decff-45e7-4a4a-9019-0b81ba74d299,2026_W22,P89,Her,Home,Nokia,2982.35,7149.14
f05decff-45e7-4a4a-9019-0b81ba74d299,2026_W22,P90,Suggest,Beauty,Sony,2921.69,6467.75
f05decff-45e7-4a4a-9019-0b81ba74d299,2026_W22,P91,Friend,Fashion,Nokia,2424.92,4627.39
f05decff-45e7-4a4a-9019-0b81ba74d299,2026_W22,P92,List,Home,Adidas,4074.14,7099.99
f05decff-45e7-4a4a-9019-0b81ba74d299,2026_W22,P93,Practice,Fashion,Dell,2950.77,5224.43
f05decff-45e7-4a4a-9019-0b81ba74d299,2026_W22,P94,Set,Sports,Nike,2170.16,4145.07
f05decff-45e7-4a4a-9019-0b81ba74d299,2026_W22,P95,Machine,Sports,Adidas,1261.89,1959.5
f05decff-45e7-4a4a-9019-0b81ba74d299,2026_W22,P96,Audience,Sports,Dell,3201.29,6676.27
f05decff-45e7-4a4a-9019-0b81ba74d299,2026_W22,P97,Financial,Fashion,Noise,2568.05,5383.07
f05decff-45e7-4a4a-9019-0b81ba74d299,2026_W22,P98,Letter,Fashion,Noise,1577.81,3365.14
f05decff-45e7-4a4a-9019-0b81ba74d299,2026_W22,P99,Chair,Beauty,Boat,2916.78,4457.11
f05decff-45e7-4a4a-9019-0b81ba74d299,2026_W22,P100,Role,Sports,Noise,4035.15,7089.35
f05decff-45e7-4a4a-9019-0b81ba74d299,2026_W22,P101,North,Electronics,Nike,1302.99,2760.68
f05decff-45e7-4a4a-9019-0b81ba74d299,2026_W22,P102,Movement,Electronics,Adidas,1470.52,3001.78
f05decff-45e7-4a4a-9019-0b81ba74d299,2026_W22,P103,Thousand,Fashion,Adidas,2984.44,5314.76
f05decff-45e7-4a4a-9019-0b81ba74d299,2026_W22,P104,Special,Fashion,Noise,3244.67,5183.53
f05decff-45e7-4a4a-9019-0b81ba74d299,2026_W22,P105,Single,Beauty,Dell,3042.38,7337.42
f05decff-45e7-4a4a-9019-0b81ba74d299,2026_W22,P106,Your,Electronics,Sony,2329.77,5172.75
f05decff-45e7-4a4a-9019-0b81ba74d299,2026_W22,P107,Part,Electronics,Boat,1566.64,3660.65
f05decff-45e7-4a4a-9019-0b81ba74d299,2026_W22,P108,Too,Fashion,Nokia,2402.15,4001.51
f05decff-45e7-4a4a-9019-0b81ba74d299,2026_W22,P109,Big,Fashion,Nike,2160.96,5251.93
f05decff-45e7-4a4a-9019-0b81ba74d299,2026_W22,P110,Artist,Books,Boat,862.83,1984.17
f05decff-45e7-4a4a-9019-0b81ba74d299,2026_W22,P111,Their,Books,Boat,4985.12,9541.24
f05decff-45e7-4a4a-9019-0b81ba74d299,2026_W22,P112,Manager,Electronics,Puma,2274.01,4659.89
f05decff-45e7-4a4a-9019-0b81ba74d299,2026_W22,P113,Performance,Sports,Nokia,1212.13,2934.32
f05decff-45e7-4a4a-9019-0b81ba74d299,2026_W22,P114,Card,Sports,Nike,2877.53,4373.67
f05decff-45e7-4a4a-9019-0b81ba74d299,2026_W22,P115,Person,Fashion,Dell,3582.16,8486.85
f05decff-45e7-4a4a-9019-0b81ba74d299,2026_W22,P116,Road,Beauty,Boat,1940.73,4661.13
f05decff-45e7-4a4a-9019-0b81ba74d299,2026_W22,P117,Help,Beauty,Noise,1628.34,3717.32
f05decff-45e7-4a4a-9019-0b81ba74d299,2026_W22,P118,Effect,Sports,Samsung,2629.17,5463.26
f05decff-45e7-4a4a-9019-0b81ba74d299,2026_W22,P119,Fight,Fashion,Puma,4957.45,10133.79
f05decff-45e7-4a4a-9019-0b81ba74d299,2026_W22,P120,Maintain,Fashion,Apple,3620.53,8125.66
f05decff-45e7-4a4a-9019-0b81ba74d299,2026_W22,P121,Name,Beauty,Nokia,4148.72,9562.01
f05decff-45e7-4a4a-9019-0b81ba74d299,2026_W22,P122,Toward,Beauty,Samsung,2250.47,5135.97
f05decff-45e7-4a4a-9019-0b81ba74d299,2026_W22,P123,Whole,Home,Nokia,1499.94,2425.48
f05decff-45e7-4a4a-9019-0b81ba74d299,2026_W22,P124,Quickly,Fashion,Dell,3760.35,7063.56
f05decff-45e7-4a4a-9019-0b81ba74d299,2026_W22,P125,College,Home,Puma,3046.82,5593.86
f05decff-45e7-4a4a-9019-0b81ba74d299,2026_W22,P126,Information,Books,Adidas,4474.61,7171.16
f05decff-45e7-4a4a-9019-0b81ba74d299,2026_W22,P127,Middle,Sports,Apple,4340.71,9140.26
f05decff-45e7-4a4a-9019-0b81ba74d299,2026_W22,P128,Gas,Electronics,Samsung,1605.89,3133.44
f05decff-45e7-4a4a-9019-0b81ba74d299,2026_W22,P129,Mother,Home,Sony,3088.16,5625.8
f05decff-45e7-4a4a-9019-0b81ba74d299,2026_W22,P130,Better,Beauty,Sony,4713.43,11039.76
f05decff-45e7-4a4a-9019-0b81ba74d299,2026_W22,P131,Condition,Electronics,Nike,3239.38,5156.93
f05decff-45e7-4a4a-9019-0b81ba74d299,2026_W22,P132,Shoulder,Books,Nokia,2335.34,5087.03
f05decff-45e7-4a4a-9019-0b81ba74d299,2026_W22,P133,Increase,Books,Puma,3818.52,7230.51
f05decff-45e7-4a4a-9019-0b81ba74d299,2026_W22,P134,Maintain,Home,Boat,1746.94,3654.35
f05decff-45e7-4a4a-9019-0b81ba74d299,2026_W22,P135,Threat,Beauty,Samsung,3429.07,7738.35
f05decff-45e7-4a4a-9019-0b81ba74d299,2026_W22,P136,Position,Books,Dell,1055.66,2314.22
f05decff-45e7-4a4a-9019-0b81ba74d299,2026_W22,P137,Character,Home,Adidas,2520.56,4729.65
f05decff-45e7-4a4a-9019-0b81ba74d299,2026_W22,P138,Significant,Fashion,Sony,2906.34,5599.95
f05decff-45e7-4a4a-9019-0b81ba74d299,2026_W22,P139,Do,Beauty,Samsung,3683.97,7513.32
f05decff-45e7-4a4a-9019-0b81ba74d299,2026_W22,P140,Deep,Home,Adidas,1481.15,3133.21
f05decff-45e7-4a4a-9019-0b81ba74d299,2026_W22,P141,View,Beauty,Sony,3425.49,6658.31
f05decff-45e7-4a4a-9019-0b81ba74d299,2026_W22,P142,Avoid,Sports,Samsung,2488.95,4531.33
f05decff-45e7-4a4a-9019-0b81ba74d299,2026_W22,P143,Debate,Electronics,Sony,3279.42,6038.03
f05decff-45e7-4a4a-9019-0b81ba74d299,2026_W22,P144,A,Beauty,Nokia,1045.29,1737.47
f05decff-45e7-4a4a-9019-0b81ba74d299,2026_W22,P145,Shake,Books,Noise,2598.13,4583.49
f05decff-45e7-4a4a-9019-0b81ba74d299,2026_W22,P146,Capital,Electronics,Apple,1912.12,4559.37
f05decff-45e7-4a4a-9019-0b81ba74d299,2026_W22,P147,Rate,Sports,Nike,1007.8,2240.85
f05decff-45e7-4a4a-9019-0b81ba74d299,2026_W22,P148,Option,Books,Dell,1015.91,2017.95
f05decff-45e7-4a4a-9019-0b81ba74d299,2026_W22,P149,To,Electronics,Samsung,4236.85,7089.62
f05decff-45e7-4a4a-9019-0b81ba74d299,2026_W22,P150,Produce,Fashion,Nike,3452.81,7278.62
f05decff-45e7-4a4a-9019-0b81ba74d299,2026_W22,P151,Forget,Home,Dell,3382.46,7426.21
f05decff-45e7-4a4a-9019-0b81ba74d299,2026_W22,P152,Quality,Electronics,Nike,1211.03,1970.06
f05decff-45e7-4a4a-9019-0b81ba74d299,2026_W22,P153,Design,Sports,Boat,4875.09,11343.81
f05decff-45e7-4a4a-9019-0b81ba74d299,2026_W22,P154,Partner,Beauty,Apple,2542.59,4135.27
f05decff-45e7-4a4a-9019-0b81ba74d299,2026_W22,P155,Take,Home,Apple,3738.62,8707.69
f05decff-45e7-4a4a-9019-0b81ba74d299,2026_W22,P156,Should,Sports,Dell,1123.81,2183.92
f05decff-45e7-4a4a-9019-0b81ba74d299,2026_W22,P157,Live,Beauty,Sony,2253.57,5290.96
f05decff-45e7-4a4a-9019-0b81ba74d299,2026_W22,P158,Between,Electronics,Nokia,3375.58,6839.61
f05decff-45e7-4a4a-9019-0b81ba74d299,2026_W22,P159,Your,Beauty,Nokia,4166.22,8714.84
f05decff-45e7-4a4a-9019-0b81ba74d299,2026_W22,P160,They,Electronics,Apple,3914.87,6919.48
f05decff-45e7-4a4a-9019-0b81ba74d299,2026_W22,P161,Mind,Sports,Apple,2501.85,5474.81
f05decff-45e7-4a4a-9019-0b81ba74d299,2026_W22,P162,Other,Home,Puma,2269.65,5576.16
f05decff-45e7-4a4a-9019-0b81ba74d299,2026_W22,P163,Share,Beauty,Boat,1336.94,2156.08
f05decff-45e7-4a4a-9019-0b81ba74d299,2026_W22,P164,Certain,Sports,Adidas,4375.59,7269.88
f05decff-45e7-4a4a-9019-0b81ba74d299,2026_W22,P165,Benefit,Beauty,Adidas,2317.94,4063.67
f05decff-45e7-4a4a-9019-0b81ba74d299,2026_W22,P166,Science,Electronics,Noise,3601.32,8475.87
f05decff-45e7-4a4a-9019-0b81ba74d299,2026_W22,P167,Require,Fashion,Samsung,2777.7,6729.0
f05decff-45e7-4a4a-9019-0b81ba74d299,2026_W22,P168,On,Books,Apple,2455.67,4263.52
f05decff-45e7-4a4a-9019-0b81ba74d299,2026_W22,P169,Despite,Fashion,Nike,1872.42,3759.37
f05decff-45e7-4a4a-9019-0b81ba74d299,2026_W22,P170,Nature,Books,Adidas,1240.55,2744.23
f05decff-45e7-4a4a-9019-0b81ba74d299,2026_W22,P171,Read,Home,Adidas,4533.65,7036.96
f05decff-45e7-4a4a-9019-0b81ba74d299,2026_W22,P172,Practice,Fashion,Noise,4951.58,9925.52
f05decff-45e7-4a4a-9019-0b81ba74d299,2026_W22,P173,But,Books,Adidas,2091.15,4326.87
f05decff-45e7-4a4a-9019-0b81ba74d299,2026_W22,P174,Serious,Books,Nokia,2120.73,3233.65
f05decff-45e7-4a4a-9019-0b81ba74d299,2026_W22,P175,Serve,Books,Puma,4076.29,10082.38
f05decff-45e7-4a4a-9019-0b81ba74d299,2026_W22,P176,Threat,Electronics,Apple,1455.88,3628.75
f05decff-45e7-4a4a-9019-0b81ba74d299,2026_W22,P177,More,Fashion,Nokia,2794.93,5607.98
f05decff-45e7-4a4a-9019-0b81ba74d299,2026_W22,P178,Generation,Electronics,Nike,1503.58,2500.92
f05decff-45e7-4a4a-9019-0b81ba74d299,2026_W22,P179,Beat,Fashion,Nokia,4082.89,6580.06
f05decff-45e7-4a4a-9019-0b81ba74d299,2026_W22,P180,Factor,Beauty,Apple,2864.52,6781.04
f05decff-45e7-4a4a-9019-0b81ba74d299,2026_W22,P181,Contain,Beauty,Nike,3434.93,8581.69
f05decff-45e7-4a4a-9019-0b81ba74d299,2026_W22,P182,Raise,Fashion,Dell,2708.94,6023.28
f05decff-45e7-4a4a-9019-0b81ba74d299,2026_W22,P183,Same,Sports,Samsung,4844.35,9215.45
f05decff-45e7-4a4a-9019-0b81ba74d299,2026_W22,P184,Window,Home,Puma,1581.77,3886.18
f05decff-45e7-4a4a-9019-0b81ba74d299,2026_W22,P185,Reflect,Home,Samsung,4314.51,8108.47
f05decff-45e7-4a4a-9019-0b81ba74d299,2026_W22,P186,Over,Books,Puma,4841.56,7849.55
f05decff-45e7-4a4a-9019-0b81ba74d299,2026_W22,P187,Month,Books,Samsung,1791.75,4000.12
f05decff-45e7-4a4a-9019-0b81ba74d299,2026_W22,P188,Yet,Books,Samsung,2022.48,3237.34
f05decff-45e7-4a4a-9019-0b81ba74d299,2026_W22,P189,Argue,Fashion,Boat,4708.71,7353.02
f05decff-45e7-4a4a-9019-0b81ba74d299,2026_W22,P190,President,Fashion,Adidas,4975.35,10065.15
f05decff-45e7-4a4a-9019-0b81ba74d299,2026_W22,P191,Understand,Home,Samsung,2902.71,4973.99
f05decff-45e7-4a4a-9019-0b81ba74d299,2026_W22,P192,Take,Sports,Noise,4436.87,8471.85
f05decff-45e7-4a4a-9019-0b81ba74d299,2026_W22,P193,Recognize,Sports,Sony,2411.92,5013.68
f05decff-45e7-4a4a-9019-0b81ba74d299,2026_W22,P194,Outside,Books,Noise,1683.47,3163.97
f05decff-45e7-4a4a-9019-0b81ba74d299,2026_W22,P195,Hospital,Home,Boat,1732.1,3603.97
f05decff-45e7-4a4a-9019-0b81ba74d299,2026_W22,P196,Series,Sports,Dell,3331.74,7726.11
f05decff-45e7-4a4a-9019-0b81ba74d299,2026_W22,P197,Wrong,Electronics,Samsung,2144.02,3825.75
f05decff-45e7-4a4a-9019-0b81ba74d299,2026_W22,P198,Purpose,Home,Adidas,4606.35,8888.97
f05decff-45e7-4a4a-9019-0b81ba74d299,2026_W22,P199,Discover,Sports,Noise,4632.47,10122.76
f05decff-45e7-4a4a-9019-0b81ba74d299,2026_W22,P200,Sometimes,Sports,Dell,3928.79,9143.2
72e8cd21-4747-456a-bffd-d6498ce448d1,2026_W23,P1,Take,Electronics,Sony,3792.38,8422.98
72e8cd21-4747-456a-bffd-d6498ce448d1,2026_W23,P2,Yourself,Fashion,Nike,2766.4,4248.72
72e8cd21-4747-456a-bffd-d6498ce448d1,2026_W23,P3,Them,Home,Apple,3444.13,6836.35
72e8cd21-4747-456a-bffd-d6498ce448d1,2026_W23,P4,Common,Fashion,Noise,2483.74,4763.57
72e8cd21-4747-456a-bffd-d6498ce448d1,2026_W23,P5,Game,Sports,Puma,4464.35,9411.93
72e8cd21-4747-456a-bffd-d6498ce448d1,2026_W23,P6,Control,Home,Adidas,3614.06,6942.01
72e8cd21-4747-456a-bffd-d6498ce448d1,2026_W23,P7,Item,Sports,Sony,4837.76,10896.56
72e8cd21-4747-456a-bffd-d6498ce448d1,2026_W23,P8,Six,Sports,Nike,4073.75,6662.34
72e8cd21-4747-456a-bffd-d6498ce448d1,2026_W23,P9,Far,Books,Samsung,3026.35,6463.86
72e8cd21-4747-456a-bffd-d6498ce448d1,2026_W23,P10,Sign,Sports,Apple,3787.09,6265.23
72e8cd21-4747-456a-bffd-d6498ce448d1,2026_W23,P11,Spend,Fashion,Adidas,2364.68,4777.26
72e8cd21-4747-456a-bffd-d6498ce448d1,2026_W23,P12,Great,Fashion,Noise,2968.61,5529.38
72e8cd21-4747-456a-bffd-d6498ce448d1,2026_W23,P13,Nothing,Sports,Nokia,3739.94,7537.32
72e8cd21-4747-456a-bffd-d6498ce448d1,2026_W23,P14,Message,Sports,Samsung,4933.84,7736.91
72e8cd21-4747-456a-bffd-d6498ce448d1,2026_W23,P15,Country,Home,Boat,941.81,1828.72
72e8cd21-4747-456a-bffd-d6498ce448d1,2026_W23,P16,Fight,Beauty,Noise,3803.43,9334.87
72e8cd21-4747-456a-bffd-d6498ce448d1,2026_W23,P17,Wait,Electronics,Noise,3823.02,8998.12
72e8cd21-4747-456a-bffd-d6498ce448d1,2026_W23,P18,Travel,Sports,Puma,2461.71,5632.45
72e8cd21-4747-456a-bffd-d6498ce448d1,2026_W23,P19,Strong,Home,Noise,4263.63,10412.16
72e8cd21-4747-456a-bffd-d6498ce448d1,2026_W23,P20,East,Electronics,Boat,1194.63,2140.8
72e8cd21-4747-456a-bffd-d6498ce448d1,2026_W23,P21,Dinner,Books,Noise,4443.95,6758.44
72e8cd21-4747-456a-bffd-d6498ce448d1,2026_W23,P22,Someone,Home,Adidas,2873.11,5208.88
72e8cd21-4747-456a-bffd-d6498ce448d1,2026_W23,P23,Parent,Beauty,Nike,3871.35,8537.77
72e8cd21-4747-456a-bffd-d6498ce448d1,2026_W23,P24,Others,Beauty,Sony,4302.94,7207.54
72e8cd21-4747-456a-bffd-d6498ce448d1,2026_W23,P25,Foot,Home,Apple,3831.42,7381.46
72e8cd21-4747-456a-bffd-d6498ce448d1,2026_W23,P26,Act,Electronics,Puma,3002.92,6921.53
72e8cd21-4747-456a-bffd-d6498ce448d1,2026_W23,P27,Conference,Sports,Nike,1896.91,4374.27
72e8cd21-4747-456a-bffd-d6498ce448d1,2026_W23,P28,Debate,Sports,Boat,3736.88,7134.46
72e8cd21-4747-456a-bffd-d6498ce448d1,2026_W23,P29,Letter,Books,Dell,1010.1,1532.51
72e8cd21-4747-456a-bffd-d6498ce448d1,2026_W23,P30,Manage,Home,Boat,4454.6,10435.98
72e8cd21-4747-456a-bffd-d6498ce448d1,2026_W23,P31,Huge,Sports,Noise,1428.29,2922.48
72e8cd21-4747-456a-bffd-d6498ce448d1,2026_W23,P32,Education,Fashion,Nike,936.12,1891.54
72e8cd21-4747-456a-bffd-d6498ce448d1,2026_W23,P33,Drug,Electronics,Nokia,3677.78,8155.0
72e8cd21-4747-456a-bffd-d6498ce448d1,2026_W23,P34,Rest,Electronics,Boat,1955.72,3033.5
72e8cd21-4747-456a-bffd-d6498ce448d1,2026_W23,P35,Focus,Beauty,Sony,1169.64,2889.44
72e8cd21-4747-456a-bffd-d6498ce448d1,2026_W23,P36,Because,Beauty,Nokia,3326.99,5080.52
72e8cd21-4747-456a-bffd-d6498ce448d1,2026_W23,P37,Upon,Beauty,Adidas,3889.66,5843.49
72e8cd21-4747-456a-bffd-d6498ce448d1,2026_W23,P38,Official,Fashion,Puma,3736.36,9269.67
72e8cd21-4747-456a-bffd-d6498ce448d1,2026_W23,P39,Land,Books,Nike,3078.77,7544.04
72e8cd21-4747-456a-bffd-d6498ce448d1,2026_W23,P40,Focus,Fashion,Puma,3265.86,5653.56
72e8cd21-4747-456a-bffd-d6498ce448d1,2026_W23,P41,Leader,Books,Samsung,4925.02,11748.5
72e8cd21-4747-456a-bffd-d6498ce448d1,2026_W23,P42,Discuss,Home,Samsung,4445.01,7209.49
72e8cd21-4747-456a-bffd-d6498ce448d1,2026_W23,P43,Necessary,Fashion,Adidas,1340.6,2660.01
72e8cd21-4747-456a-bffd-d6498ce448d1,2026_W23,P44,Apply,Sports,Puma,1970.41,3831.53
72e8cd21-4747-456a-bffd-d6498ce448d1,2026_W23,P45,Keep,Sports,Apple,4660.17,10226.58
72e8cd21-4747-456a-bffd-d6498ce448d1,2026_W23,P46,Mean,Home,Nike,2304.56,4606.02
72e8cd21-4747-456a-bffd-d6498ce448d1,2026_W23,P47,Response,Books,Samsung,3885.59,8854.8
72e8cd21-4747-456a-bffd-d6498ce448d1,2026_W23,P48,Skill,Home,Sony,2215.14,4680.1
72e8cd21-4747-456a-bffd-d6498ce448d1,2026_W23,P49,Cup,Sports,Samsung,2130.98,4491.12
72e8cd21-4747-456a-bffd-d6498ce448d1,2026_W23,P50,Sit,Home,Dell,1150.37,2577.38
72e8cd21-4747-456a-bffd-d6498ce448d1,2026_W23,P51,Ball,Sports,Noise,2072.34,5156.58
72e8cd21-4747-456a-bffd-d6498ce448d1,2026_W23,P52,Likely,Home,Boat,1336.92,2737.55
72e8cd21-4747-456a-bffd-d6498ce448d1,2026_W23,P53,Attack,Books,Nike,2353.09,5679.25
72e8cd21-4747-456a-bffd-d6498ce448d1,2026_W23,P54,East,Sports,Apple,4491.13,8322.93
72e8cd21-4747-456a-bffd-d6498ce448d1,2026_W23,P55,Example,Fashion,Boat,1308.61,2495.43
72e8cd21-4747-456a-bffd-d6498ce448d1,2026_W23,P56,Ready,Fashion,Puma,4543.12,9007.41
72e8cd21-4747-456a-bffd-d6498ce448d1,2026_W23,P57,Itself,Beauty,Nike,4038.94,8106.78
72e8cd21-4747-456a-bffd-d6498ce448d1,2026_W23,P58,Serve,Electronics,Samsung,1845.22,3367.03
72e8cd21-4747-456a-bffd-d6498ce448d1,2026_W23,P59,Back,Beauty,Nokia,1642.72,3877.77
72e8cd21-4747-456a-bffd-d6498ce448d1,2026_W23,P60,Other,Electronics,Nokia,4389.61,7906.19
72e8cd21-4747-456a-bffd-d6498ce448d1,2026_W23,P61,Article,Sports,Puma,3690.94,7274.63
72e8cd21-4747-456a-bffd-d6498ce448d1,2026_W23,P62,Table,Books,Samsung,4889.98,10625.67
72e8cd21-4747-456a-bffd-d6498ce448d1,2026_W23,P63,Edge,Books,Apple,4571.91,11400.74
72e8cd21-4747-456a-bffd-d6498ce448d1,2026_W23,P64,Next,Home,Nike,2943.19,5229.45
72e8cd21-4747-456a-bffd-d6498ce448d1,2026_W23,P65,Season,Beauty,Adidas,4188.97,9814.57
72e8cd21-4747-456a-bffd-d6498ce448d1,2026_W23,P66,Measure,Beauty,Puma,2528.29,5068.12
72e8cd21-4747-456a-bffd-d6498ce448d1,2026_W23,P67,True,Electronics,Sony,3702.57,6380.8
72e8cd21-4747-456a-bffd-d6498ce448d1,2026_W23,P68,Ask,Beauty,Noise,2362.03,4648.44
72e8cd21-4747-456a-bffd-d6498ce448d1,2026_W23,P69,Around,Sports,Nike,1108.73,2752.73
72e8cd21-4747-456a-bffd-d6498ce448d1,2026_W23,P70,Each,Fashion,Nokia,4278.6,10058.46
72e8cd21-4747-456a-bffd-d6498ce448d1,2026_W23,P71,Interest,Electronics,Samsung,2935.85,4652.78
72e8cd21-4747-456a-bffd-d6498ce448d1,2026_W23,P72,Should,Books,Nokia,3309.07,7361.26
72e8cd21-4747-456a-bffd-d6498ce448d1,2026_W23,P73,Already,Home,Puma,1652.51,2860.52
72e8cd21-4747-456a-bffd-d6498ce448d1,2026_W23,P74,Only,Fashion,Noise,2253.98,4407.74
72e8cd21-4747-456a-bffd-d6498ce448d1,2026_W23,P75,Million,Electronics,Dell,4192.95,8927.29
72e8cd21-4747-456a-bffd-d6498ce448d1,2026_W23,P76,Capital,Home,Sony,851.1,1956.86
72e8cd21-4747-456a-bffd-d6498ce448d1,2026_W23,P77,Bar,Electronics,Samsung,1292.06,2460.76
72e8cd21-4747-456a-bffd-d6498ce448d1,2026_W23,P78,Score,Electronics,Boat,1365.2,3006.64
72e8cd21-4747-456a-bffd-d6498ce448d1,2026_W23,P79,Suffer,Electronics,Puma,2492.74,4029.4
72e8cd21-4747-456a-bffd-d6498ce448d1,2026_W23,P80,Out,Electronics,Samsung,2750.21,4942.61
72e8cd21-4747-456a-bffd-d6498ce448d1,2026_W23,P81,Throw,Electronics,Dell,3537.0,6992.52
72e8cd21-4747-456a-bffd-d6498ce448d1,2026_W23,P82,Specific,Beauty,Noise,2316.66,4676.03
72e8cd21-4747-456a-bffd-d6498ce448d1,2026_W23,P83,Game,Home,Apple,2119.16,4290.17
72e8cd21-4747-456a-bffd-d6498ce448d1,2026_W23,P84,Community,Beauty,Dell,1855.77,3400.69
72e8cd21-4747-456a-bffd-d6498ce448d1,2026_W23,P85,Size,Electronics,Boat,4125.48,7940.53
72e8cd21-4747-456a-bffd-d6498ce448d1,2026_W23,P86,City,Electronics,Puma,2989.44,5552.06
72e8cd21-4747-456a-bffd-d6498ce448d1,2026_W23,P87,Teacher,Books,Boat,1371.67,2857.28
72e8cd21-4747-456a-bffd-d6498ce448d1,2026_W23,P88,Medical,Books,Nokia,3272.4,6362.48
72e8cd21-4747-456a-bffd-d6498ce448d1,2026_W23,P89,Water,Books,Adidas,4978.54,9725.61
72e8cd21-4747-456a-bffd-d6498ce448d1,2026_W23,P90,Really,Beauty,Apple,4245.34,10379.64
72e8cd21-4747-456a-bffd-d6498ce448d1,2026_W23,P91,Old,Electronics,Puma,2785.99,4770.75
72e8cd21-4747-456a-bffd-d6498ce448d1,2026_W23,P92,Cold,Electronics,Puma,1267.25,2278.27
72e8cd21-4747-456a-bffd-d6498ce448d1,2026_W23,P93,Offer,Sports,Apple,3933.49,7912.93
72e8cd21-4747-456a-bffd-d6498ce448d1,2026_W23,P94,System,Home,Noise,3333.54,7668.43
72e8cd21-4747-456a-bffd-d6498ce448d1,2026_W23,P95,Drug,Electronics,Nokia,4297.4,8832.47
72e8cd21-4747-456a-bffd-d6498ce448d1,2026_W23,P96,Change,Sports,Samsung,3107.53,6736.46
72e8cd21-4747-456a-bffd-d6498ce448d1,2026_W23,P97,His,Electronics,Sony,3123.04,5186.28
72e8cd21-4747-456a-bffd-d6498ce448d1,2026_W23,P98,One,Electronics,Apple,4319.24,9747.59
72e8cd21-4747-456a-bffd-d6498ce448d1,2026_W23,P99,Whole,Sports,Dell,2590.37,5923.25
72e8cd21-4747-456a-bffd-d6498ce448d1,2026_W23,P100,Six,Home,Samsung,2539.0,6025.88
72e8cd21-4747-456a-bffd-d6498ce448d1,2026_W23,P101,Source,Books,Nokia,4567.79,10959.44
72e8cd21-4747-456a-bffd-d6498ce448d1,2026_W23,P102,Role,Fashion,Apple,1328.15,2314.83
72e8cd21-4747-456a-bffd-d6498ce448d1,2026_W23,P103,Case,Fashion,Boat,3055.43,4922.25
72e8cd21-4747-456a-bffd-d6498ce448d1,2026_W23,P104,Amount,Sports,Apple,2329.59,5590.84
72e8cd21-4747-456a-bffd-d6498ce448d1,2026_W23,P105,Responsibility,Books,Dell,1183.01,2249.83
72e8cd21-4747-456a-bffd-d6498ce448d1,2026_W23,P106,Season,Beauty,Samsung,2334.77,4353.6
72e8cd21-4747-456a-bffd-d6498ce448d1,2026_W23,P107,Notice,Beauty,Puma,2123.91,5037.89
72e8cd21-4747-456a-bffd-d6498ce448d1,2026_W23,P108,Certain,Electronics,Dell,1664.07,3076.73
72e8cd21-4747-456a-bffd-d6498ce448d1,2026_W23,P109,Million,Books,Noise,2576.08,5905.39
72e8cd21-4747-456a-bffd-d6498ce448d1,2026_W23,P110,Dog,Home,Nike,1033.59,2362.36
72e8cd21-4747-456a-bffd-d6498ce448d1,2026_W23,P111,Old,Books,Apple,1473.51,2233.14
72e8cd21-4747-456a-bffd-d6498ce448d1,2026_W23,P112,Production,Electronics,Boat,3806.79,7986.57
72e8cd21-4747-456a-bffd-d6498ce448d1,2026_W23,P113,Whatever,Sports,Nike,3235.93,5995.63
72e8cd21-4747-456a-bffd-d6498ce448d1,2026_W23,P114,Discuss,Home,Boat,2206.34,3958.12
72e8cd21-4747-456a-bffd-d6498ce448d1,2026_W23,P115,Why,Beauty,Samsung,4399.23,10604.02
72e8cd21-4747-456a-bffd-d6498ce448d1,2026_W23,P116,According,Home,Adidas,3158.6,6311.89
72e8cd21-4747-456a-bffd-d6498ce448d1,2026_W23,P117,Offer,Fashion,Apple,4952.21,9615.7
72e8cd21-4747-456a-bffd-d6498ce448d1,2026_W23,P118,That,Books,Apple,892.1,1413.19
72e8cd21-4747-456a-bffd-d6498ce448d1,2026_W23,P119,Current,Sports,Nokia,1834.9,2931.16
72e8cd21-4747-456a-bffd-d6498ce448d1,2026_W23,P120,Manage,Electronics,Puma,3536.64,6088.95
72e8cd21-4747-456a-bffd-d6498ce448d1,2026_W23,P121,Grow,Home,Nokia,1979.66,3168.81
72e8cd21-4747-456a-bffd-d6498ce448d1,2026_W23,P122,Power,Electronics,Samsung,3727.66,7123.24
72e8cd21-4747-456a-bffd-d6498ce448d1,2026_W23,P123,Next,Beauty,Adidas,4628.37,7379.51
72e8cd21-4747-456a-bffd-d6498ce448d1,2026_W23,P124,Continue,Books,Nokia,1980.66,3516.67
72e8cd21-4747-456a-bffd-d6498ce448d1,2026_W23,P125,Effort,Electronics,Noise,4765.5,7881.51
72e8cd21-4747-456a-bffd-d6498ce448d1,2026_W23,P126,Before,Beauty,Nokia,2991.93,7115.51
72e8cd21-4747-456a-bffd-d6498ce448d1,2026_W23,P127,Rich,Fashion,Nokia,4973.42,7703.2
72e8cd21-4747-456a-bffd-d6498ce448d1,2026_W23,P128,Management,Books,Sony,3652.41,8967.81
72e8cd21-4747-456a-bffd-d6498ce448d1,2026_W23,P129,Teacher,Beauty,Nokia,2003.78,4560.09
72e8cd21-4747-456a-bffd-d6498ce448d1,2026_W23,P130,Relate,Fashion,Nike,1603.95,3717.66
72e8cd21-4747-456a-bffd-d6498ce448d1,2026_W23,P131,Owner,Electronics,Nike,1253.24,2872.68
72e8cd21-4747-456a-bffd-d6498ce448d1,2026_W23,P132,Candidate,Fashion,Nokia,1877.91,4280.82
72e8cd21-4747-456a-bffd-d6498ce448d1,2026_W23,P133,Course,Sports,Noise,4532.21,9654.47
72e8cd21-4747-456a-bffd-d6498ce448d1,2026_W23,P134,Society,Fashion,Samsung,1719.44,2662.06
72e8cd21-4747-456a-bffd-d6498ce448d1,2026_W23,P135,Choice,Sports,Nokia,2839.92,4974.87
72e8cd21-4747-456a-bffd-d6498ce448d1,2026_W23,P136,Their,Books,Puma,1735.58,2987.05
72e8cd21-4747-456a-bffd-d6498ce448d1,2026_W23,P137,Down,Books,Apple,1136.34,2412.96
72e8cd21-4747-456a-bffd-d6498ce448d1,2026_W23,P138,Conference,Electronics,Dell,3133.48,6989.52
72e8cd21-4747-456a-bffd-d6498ce448d1,2026_W23,P139,Effort,Fashion,Adidas,1564.43,3152.91
72e8cd21-4747-456a-bffd-d6498ce448d1,2026_W23,P140,Leg,Electronics,Nokia,1842.06,4036.99
72e8cd21-4747-456a-bffd-d6498ce448d1,2026_W23,P141,Before,Electronics,Dell,2068.21,3712.37
72e8cd21-4747-456a-bffd-d6498ce448d1,2026_W23,P142,Sense,Books,Puma,3177.97,5009.2
72e8cd21-4747-456a-bffd-d6498ce448d1,2026_W23,P143,Write,Home,Samsung,1119.03,1686.4
72e8cd21-4747-456a-bffd-d6498ce448d1,2026_W23,P144,Campaign,Beauty,Nike,1807.41,3365.89
72e8cd21-4747-456a-bffd-d6498ce448d1,2026_W23,P145,Office,Home,Adidas,4369.94,7002.35
72e8cd21-4747-456a-bffd-d6498ce448d1,2026_W23,P146,Word,Sports,Samsung,3733.15,8753.05
72e8cd21-4747-456a-bffd-d6498ce448d1,2026_W23,P147,Drop,Sports,Nike,4813.86,8552.19
72e8cd21-4747-456a-bffd-d6498ce448d1,2026_W23,P148,Seven,Beauty,Samsung,2108.87,3184.27
72e8cd21-4747-456a-bffd-d6498ce448d1,2026_W23,P149,Up,Home,Puma,3113.75,5363.67
72e8cd21-4747-456a-bffd-d6498ce448d1,2026_W23,P150,Factor,Electronics,Samsung,3099.51,7237.54
72e8cd21-4747-456a-bffd-d6498ce448d1,2026_W23,P151,Weight,Beauty,Puma,4955.71,10300.34
72e8cd21-4747-456a-bffd-d6498ce448d1,2026_W23,P152,Property,Fashion,Nokia,1519.79,3680.01
72e8cd21-4747-456a-bffd-d6498ce448d1,2026_W23,P153,Tonight,Sports,Adidas,2028.84,3236.07
72e8cd21-4747-456a-bffd-d6498ce448d1,2026_W23,P154,Forget,Books,Nike,3151.17,7488.16
72e8cd21-4747-456a-bffd-d6498ce448d1,2026_W23,P155,Very,Electronics,Nokia,2770.13,5852.84
72e8cd21-4747-456a-bffd-d6498ce448d1,2026_W23,P156,Clearly,Beauty,Apple,3274.82,7497.11
72e8cd21-4747-456a-bffd-d6498ce448d1,2026_W23,P157,Consumer,Sports,Sony,3530.63,6948.33
72e8cd21-4747-456a-bffd-d6498ce448d1,2026_W23,P158,Leg,Home,Samsung,1392.67,2851.23
72e8cd21-4747-456a-bffd-d6498ce448d1,2026_W23,P159,Staff,Beauty,Adidas,2719.94,5981.94
72e8cd21-4747-456a-bffd-d6498ce448d1,2026_W23,P160,Way,Beauty,Apple,1995.3,3922.12
72e8cd21-4747-456a-bffd-d6498ce448d1,2026_W23,P161,Different,Books,Samsung,2580.69,6131.78
72e8cd21-4747-456a-bffd-d6498ce448d1,2026_W23,P162,Particularly,Home,Adidas,2755.39,4947.62
72e8cd21-4747-456a-bffd-d6498ce448d1,2026_W23,P163,Camera,Books,Sony,2022.28,4948.62
72e8cd21-4747-456a-bffd-d6498ce448d1,2026_W23,P164,Information,Home,Nike,4829.88,7788.37
72e8cd21-4747-456a-bffd-d6498ce448d1,2026_W23,P165,Drive,Electronics,Sony,1225.14,2657.45
72e8cd21-4747-456a-bffd-d6498ce448d1,2026_W23,P166,House,Beauty,Dell,3039.48,6824.24
72e8cd21-4747-456a-bffd-d6498ce448d1,2026_W23,P167,Way,Beauty,Adidas,4207.32,10191.01
72e8cd21-4747-456a-bffd-d6498ce448d1,2026_W23,P168,Family,Beauty,Samsung,2815.01,4347.14
72e8cd21-4747-456a-bffd-d6498ce448d1,2026_W23,P169,Recognize,Books,Boat,3625.06,8908.51
72e8cd21-4747-456a-bffd-d6498ce448d1,2026_W23,P170,Reveal,Fashion,Nokia,4463.88,9183.37
72e8cd21-4747-456a-bffd-d6498ce448d1,2026_W23,P171,Section,Fashion,Noise,2019.08,3668.91
72e8cd21-4747-456a-bffd-d6498ce448d1,2026_W23,P172,Head,Home,Dell,917.34,1445.78
72e8cd21-4747-456a-bffd-d6498ce448d1,2026_W23,P173,Page,Home,Dell,2968.17,5411.96
72e8cd21-4747-456a-bffd-d6498ce448d1,2026_W23,P174,Year,Sports,Dell,4147.91,8540.78
72e8cd21-4747-456a-bffd-d6498ce448d1,2026_W23,P175,Sing,Fashion,Nike,3354.27,6623.37
72e8cd21-4747-456a-bffd-d6498ce448d1,2026_W23,P176,Involve,Beauty,Noise,3414.85,8451.7
72e8cd21-4747-456a-bffd-d6498ce448d1,2026_W23,P177,Road,Beauty,Nike,3348.5,6111.68
72e8cd21-4747-456a-bffd-d6498ce448d1,2026_W23,P178,Shake,Beauty,Boat,2925.9,7201.61
72e8cd21-4747-456a-bffd-d6498ce448d1,2026_W23,P179,Money,Home,Adidas,3688.23,6023.34
72e8cd21-4747-456a-bffd-d6498ce448d1,2026_W23,P180,Contain,Beauty,Nokia,3073.17,6330.21
72e8cd21-4747-456a-bffd-d6498ce448d1,2026_W23,P181,Suggest,Sports,Puma,3025.73,6034.6
72e8cd21-4747-456a-bffd-d6498ce448d1,2026_W23,P182,Land,Home,Noise,959.43,1987.12
72e8cd21-4747-456a-bffd-d6498ce448d1,2026_W23,P183,Democrat,Home,Apple,2970.28,5821.34
72e8cd21-4747-456a-bffd-d6498ce448d1,2026_W23,P184,Relate,Electronics,Sony,1252.59,2050.2
72e8cd21-4747-456a-bffd-d6498ce448d1,2026_W23,P185,Interest,Sports,Nokia,4806.08,7874.65
72e8cd21-4747-456a-bffd-d6498ce448d1,2026_W23,P186,Art,Fashion,Adidas,3507.58,7703.95
72e8cd21-4747-456a-bffd-d6498ce448d1,2026_W23,P187,Shake,Books,Nokia,866.89,2141.32
72e8cd21-4747-456a-bffd-d6498ce448d1,2026_W23,P188,Plant,Beauty,Adidas,1841.8,3474.24
72e8cd21-4747-456a-bffd-d6498ce448d1,2026_W23,P189,Sit,Electronics,Puma,2227.77,3755.21
72e8cd21-4747-456a-bffd-d6498ce448d1,2026_W23,P190,Represent,Home,Noise,3725.03,7773.11
72e8cd21-4747-456a-bffd-d6498ce448d1,2026_W23,P191,Evidence,Books,Dell,2584.06,6168.41
72e8cd21-4747-456a-bffd-d6498ce448d1,2026_W23,P192,Contain,Fashion,Samsung,4735.85,11696.08
72e8cd21-4747-456a-bffd-d6498ce448d1,2026_W23,P193,Democrat,Electronics,Adidas,4773.67,9271.8
72e8cd21-4747-456a-bffd-d6498ce448d1,2026_W23,P194,Form,Electronics,Sony,4139.53,7139.77
72e8cd21-4747-456a-bffd-d6498ce448d1,2026_W23,P195,Seem,Sports,Nike,4821.62,9936.45
72e8cd21-4747-456a-bffd-d6498ce448d1,2026_W23,P196,Candidate,Books,Sony,4604.62,9246.31
72e8cd21-4747-456a-bffd-d6498ce448d1,2026_W23,P197,Base,Fashion,Nokia,1008.98,1602.39
72e8cd21-4747-456a-bffd-d6498ce448d1,2026_W23,P198,Feel,Beauty,Adidas,4264.09,7893.47
72e8cd21-4747-456a-bffd-d6498ce448d1,2026_W23,P199,Central,Fashion,Boat,2842.46,5324.39
72e8cd21-4747-456a-bffd-d6498ce448d1,2026_W23,P200,Town,Sports,Nokia,1151.72,2159.6
6d8e33e0-b1df-4841-8136-55253c666a33,2026_W27,P1,Professional,Fashion,Puma,3377.72,8041.29
6d8e33e0-b1df-4841-8136-55253c666a33,2026_W27,P2,Significant,Electronics,Nike,2654.31,4823.44
6d8e33e0-b1df-4841-8136-55253c666a33,2026_W27,P3,Choose,Sports,Boat,1613.53,3037.18
6d8e33e0-b1df-4841-8136-55253c666a33,2026_W27,P4,Southern,Sports,Nokia,1565.75,2545.35
6d8e33e0-b1df-4841-8136-55253c666a33,2026_W27,P5,Draw,Home,Nokia,3097.19,4886.67
6d8e33e0-b1df-4841-8136-55253c666a33,2026_W27,P6,Land,Books,Noise,3235.85,6939.39
6d8e33e0-b1df-4841-8136-55253c666a33,2026_W27,P7,Protect,Home,Puma,3988.46,9852.33
6d8e33e0-b1df-4841-8136-55253c666a33,2026_W27,P8,Visit,Fashion,Nike,3708.47,8837.46
6d8e33e0-b1df-4841-8136-55253c666a33,2026_W27,P9,Majority,Books,Apple,2317.06,5229.72
6d8e33e0-b1df-4841-8136-55253c666a33,2026_W27,P10,Soldier,Beauty,Apple,1977.52,3822.68
6d8e33e0-b1df-4841-8136-55253c666a33,2026_W27,P11,True,Sports,Puma,3927.12,7598.14
6d8e33e0-b1df-4841-8136-55253c666a33,2026_W27,P12,Save,Fashion,Nike,3537.9,6064.9
6d8e33e0-b1df-4841-8136-55253c666a33,2026_W27,P13,Road,Fashion,Dell,4407.69,6638.24
6d8e33e0-b1df-4841-8136-55253c666a33,2026_W27,P14,Edge,Beauty,Apple,3243.83,5736.45
6d8e33e0-b1df-4841-8136-55253c666a33,2026_W27,P15,Sort,Fashion,Samsung,1598.1,3230.88
6d8e33e0-b1df-4841-8136-55253c666a33,2026_W27,P16,People,Home,Nokia,1592.22,3158.68
6d8e33e0-b1df-4841-8136-55253c666a33,2026_W27,P17,Sing,Fashion,Boat,4100.31,6241.42
6d8e33e0-b1df-4841-8136-55253c666a33,2026_W27,P18,Degree,Sports,Adidas,1774.45,3465.55
6d8e33e0-b1df-4841-8136-55253c666a33,2026_W27,P19,Surface,Home,Samsung,3342.35,5633.25
6d8e33e0-b1df-4841-8136-55253c666a33,2026_W27,P20,Can,Sports,Samsung,1327.34,3016.27
6d8e33e0-b1df-4841-8136-55253c666a33,2026_W27,P21,Purpose,Books,Noise,3057.2,7568.69
6d8e33e0-b1df-4841-8136-55253c666a33,2026_W27,P22,Pick,Fashion,Adidas,4793.34,9175.57
6d8e33e0-b1df-4841-8136-55253c666a33,2026_W27,P23,Several,Sports,Puma,4762.5,7426.47
6d8e33e0-b1df-4841-8136-55253c666a33,2026_W27,P24,Wall,Books,Puma,2292.93,4112.52
6d8e33e0-b1df-4841-8136-55253c666a33,2026_W27,P25,Any,Books,Samsung,1067.59,2539.74
6d8e33e0-b1df-4841-8136-55253c666a33,2026_W27,P26,Heart,Electronics,Dell,2051.5,5113.55
6d8e33e0-b1df-4841-8136-55253c666a33,2026_W27,P27,Responsibility,Beauty,Adidas,4605.67,8284.05
6d8e33e0-b1df-4841-8136-55253c666a33,2026_W27,P28,Central,Electronics,Apple,2279.75,4687.09
6d8e33e0-b1df-4841-8136-55253c666a33,2026_W27,P29,Risk,Books,Puma,941.75,1618.44
6d8e33e0-b1df-4841-8136-55253c666a33,2026_W27,P30,Feeling,Books,Apple,2819.54,6995.67
6d8e33e0-b1df-4841-8136-55253c666a33,2026_W27,P31,Special,Sports,Boat,1831.04,3171.15
6d8e33e0-b1df-4841-8136-55253c666a33,2026_W27,P32,Television,Sports,Apple,2764.71,4904.65
6d8e33e0-b1df-4841-8136-55253c666a33,2026_W27,P33,Decide,Fashion,Boat,3261.51,5573.38
6d8e33e0-b1df-4841-8136-55253c666a33,2026_W27,P34,Me,Beauty,Dell,2266.67,3432.36
6d8e33e0-b1df-4841-8136-55253c666a33,2026_W27,P35,Spend,Sports,Apple,4673.68,10420.75
6d8e33e0-b1df-4841-8136-55253c666a33,2026_W27,P36,Build,Home,Dell,4017.16,6802.05
6d8e33e0-b1df-4841-8136-55253c666a33,2026_W27,P37,Also,Home,Dell,2566.21,4162.63
6d8e33e0-b1df-4841-8136-55253c666a33,2026_W27,P38,To,Books,Boat,2664.45,4290.59
6d8e33e0-b1df-4841-8136-55253c666a33,2026_W27,P39,Answer,Fashion,Dell,4507.94,10748.05
6d8e33e0-b1df-4841-8136-55253c666a33,2026_W27,P40,Official,Electronics,Adidas,3779.58,7370.62
6d8e33e0-b1df-4841-8136-55253c666a33,2026_W27,P41,Though,Home,Dell,1025.26,1959.52
6d8e33e0-b1df-4841-8136-55253c666a33,2026_W27,P42,Its,Sports,Apple,2094.09,5037.81
6d8e33e0-b1df-4841-8136-55253c666a33,2026_W27,P43,Thus,Electronics,Dell,4973.9,8672.85
6d8e33e0-b1df-4841-8136-55253c666a33,2026_W27,P44,All,Fashion,Nike,924.54,1407.86
6d8e33e0-b1df-4841-8136-55253c666a33,2026_W27,P45,General,Books,Nike,1327.32,2342.15
6d8e33e0-b1df-4841-8136-55253c666a33,2026_W27,P46,Down,Electronics,Puma,1417.39,2979.32
6d8e33e0-b1df-4841-8136-55253c666a33,2026_W27,P47,Box,Sports,Apple,3980.85,7084.59
6d8e33e0-b1df-4841-8136-55253c666a33,2026_W27,P48,Move,Home,Apple,1371.22,3057.39
6d8e33e0-b1df-4841-8136-55253c666a33,2026_W27,P49,Use,Fashion,Puma,3654.16,8208.46
6d8e33e0-b1df-4841-8136-55253c666a33,2026_W27,P50,Begin,Beauty,Boat,1750.07,4043.15
6d8e33e0-b1df-4841-8136-55253c666a33,2026_W27,P51,Total,Fashion,Noise,3591.48,5399.93
6d8e33e0-b1df-4841-8136-55253c666a33,2026_W27,P52,Customer,Sports,Nokia,4910.71,7675.89
6d8e33e0-b1df-4841-8136-55253c666a33,2026_W27,P53,Authority,Fashion,Sony,2999.78,5893.03
6d8e33e0-b1df-4841-8136-55253c666a33,2026_W27,P54,Concern,Beauty,Dell,3330.24,7277.34
6d8e33e0-b1df-4841-8136-55253c666a33,2026_W27,P55,Then,Home,Noise,2262.0,4472.32
6d8e33e0-b1df-4841-8136-55253c666a33,2026_W27,P56,Son,Books,Dell,2376.22,5764.47
6d8e33e0-b1df-4841-8136-55253c666a33,2026_W27,P57,Even,Beauty,Sony,4925.0,8411.78
6d8e33e0-b1df-4841-8136-55253c666a33,2026_W27,P58,Protect,Books,Boat,1811.5,2960.66
6d8e33e0-b1df-4841-8136-55253c666a33,2026_W27,P59,Name,Books,Noise,3473.13,5883.82
6d8e33e0-b1df-4841-8136-55253c666a33,2026_W27,P60,Audience,Sports,Samsung,1825.58,3368.43
6d8e33e0-b1df-4841-8136-55253c666a33,2026_W27,P61,Training,Electronics,Nike,4846.48,7869.26
6d8e33e0-b1df-4841-8136-55253c666a33,2026_W27,P62,Cover,Beauty,Nokia,4867.03,8933.75
6d8e33e0-b1df-4841-8136-55253c666a33,2026_W27,P63,Although,Beauty,Samsung,4864.81,9352.06
6d8e33e0-b1df-4841-8136-55253c666a33,2026_W27,P64,Win,Sports,Nike,1973.2,3844.36
6d8e33e0-b1df-4841-8136-55253c666a33,2026_W27,P65,Season,Fashion,Puma,3370.54,7295.29
6d8e33e0-b1df-4841-8136-55253c666a33,2026_W27,P66,Imagine,Sports,Puma,3565.86,7809.87
6d8e33e0-b1df-4841-8136-55253c666a33,2026_W27,P67,Small,Beauty,Apple,2378.05,4487.19
6d8e33e0-b1df-4841-8136-55253c666a33,2026_W27,P68,Skill,Books,Nokia,2062.92,4352.35
6d8e33e0-b1df-4841-8136-55253c666a33,2026_W27,P69,Provide,Sports,Dell,2482.33,4897.29
6d8e33e0-b1df-4841-8136-55253c666a33,2026_W27,P70,Production,Fashion,Sony,1360.02,2270.0
6d8e33e0-b1df-4841-8136-55253c666a33,2026_W27,P71,Free,Sports,Dell,4799.96,7798.35
6d8e33e0-b1df-4841-8136-55253c666a33,2026_W27,P72,Use,Home,Puma,4555.89,8298.72
6d8e33e0-b1df-4841-8136-55253c666a33,2026_W27,P73,Assume,Beauty,Puma,1540.43,2904.91
6d8e33e0-b1df-4841-8136-55253c666a33,2026_W27,P74,Might,Books,Noise,2765.15,6172.48
6d8e33e0-b1df-4841-8136-55253c666a33,2026_W27,P75,For,Books,Adidas,4318.78,10051.65
6d8e33e0-b1df-4841-8136-55253c666a33,2026_W27,P76,Person,Beauty,Noise,3078.41,7097.72
6d8e33e0-b1df-4841-8136-55253c666a33,2026_W27,P77,Media,Books,Noise,2330.34,5304.36
6d8e33e0-b1df-4841-8136-55253c666a33,2026_W27,P78,Run,Electronics,Dell,2291.8,4536.03
6d8e33e0-b1df-4841-8136-55253c666a33,2026_W27,P79,Show,Electronics,Nike,2241.29,4174.75
6d8e33e0-b1df-4841-8136-55253c666a33,2026_W27,P80,Chance,Electronics,Adidas,3289.28,6276.46
6d8e33e0-b1df-4841-8136-55253c666a33,2026_W27,P81,Approach,Electronics,Apple,4485.96,7402.77
6d8e33e0-b1df-4841-8136-55253c666a33,2026_W27,P82,Any,Electronics,Samsung,1254.86,2456.79
6d8e33e0-b1df-4841-8136-55253c666a33,2026_W27,P83,Building,Electronics,Sony,853.48,2067.84
6d8e33e0-b1df-4841-8136-55253c666a33,2026_W27,P84,I,Electronics,Apple,3908.51,6489.78
6d8e33e0-b1df-4841-8136-55253c666a33,2026_W27,P85,Down,Fashion,Noise,1918.65,2941.32
6d8e33e0-b1df-4841-8136-55253c666a33,2026_W27,P86,Not,Books,Dell,4782.22,9877.51
6d8e33e0-b1df-4841-8136-55253c666a33,2026_W27,P87,Professional,Beauty,Nokia,4050.84,7207.16
6d8e33e0-b1df-4841-8136-55253c666a33,2026_W27,P88,Stuff,Home,Adidas,4977.72,11704.48
6d8e33e0-b1df-4841-8136-55253c666a33,2026_W27,P89,For,Sports,Apple,4695.36,10552.75
6d8e33e0-b1df-4841-8136-55253c666a33,2026_W27,P90,Someone,Fashion,Apple,2043.27,4581.8
6d8e33e0-b1df-4841-8136-55253c666a33,2026_W27,P91,Police,Books,Noise,3589.94,7800.01
6d8e33e0-b1df-4841-8136-55253c666a33,2026_W27,P92,Stock,Beauty,Samsung,3138.65,5271.05
6d8e33e0-b1df-4841-8136-55253c666a33,2026_W27,P93,Health,Fashion,Dell,2951.96,5463.71
6d8e33e0-b1df-4841-8136-55253c666a33,2026_W27,P94,Special,Beauty,Dell,3341.2,5614.01
6d8e33e0-b1df-4841-8136-55253c666a33,2026_W27,P95,No,Books,Samsung,2913.44,5783.09
6d8e33e0-b1df-4841-8136-55253c666a33,2026_W27,P96,Police,Electronics,Boat,1942.31,4818.25
6d8e33e0-b1df-4841-8136-55253c666a33,2026_W27,P97,Available,Electronics,Boat,3343.77,6666.27
6d8e33e0-b1df-4841-8136-55253c666a33,2026_W27,P98,Type,Fashion,Noise,4393.43,7289.76
6d8e33e0-b1df-4841-8136-55253c666a33,2026_W27,P99,Black,Beauty,Boat,2472.17,5405.7
6d8e33e0-b1df-4841-8136-55253c666a33,2026_W27,P100,Plan,Fashion,Nike,1058.84,1750.2
6d8e33e0-b1df-4841-8136-55253c666a33,2026_W27,P101,Total,Fashion,Dell,4708.34,8924.96
6d8e33e0-b1df-4841-8136-55253c666a33,2026_W27,P102,Rich,Beauty,Adidas,1933.09,3685.81
6d8e33e0-b1df-4841-8136-55253c666a33,2026_W27,P103,Decide,Electronics,Boat,1804.8,2762.4
6d8e33e0-b1df-4841-8136-55253c666a33,2026_W27,P104,President,Home,Puma,3882.43,7848.2
6d8e33e0-b1df-4841-8136-55253c666a33,2026_W27,P105,Guess,Fashion,Sony,2895.23,7230.61
6d8e33e0-b1df-4841-8136-55253c666a33,2026_W27,P106,Detail,Fashion,Boat,4832.74,7604.77
6d8e33e0-b1df-4841-8136-55253c666a33,2026_W27,P107,Yeah,Fashion,Nokia,4924.82,10380.65
6d8e33e0-b1df-4841-8136-55253c666a33,2026_W27,P108,Both,Books,Nokia,4479.56,9991.6
6d8e33e0-b1df-4841-8136-55253c666a33,2026_W27,P109,Relate,Fashion,Samsung,3799.79,8070.73
6d8e33e0-b1df-4841-8136-55253c666a33,2026_W27,P110,Describe,Books,Nokia,4298.17,8883.32
6d8e33e0-b1df-4841-8136-55253c666a33,2026_W27,P111,Science,Home,Dell,3309.98,7719.79
6d8e33e0-b1df-4841-8136-55253c666a33,2026_W27,P112,Person,Books,Puma,4474.89,7164.07
6d8e33e0-b1df-4841-8136-55253c666a33,2026_W27,P113,Note,Fashion,Nike,3346.11,5364.85
6d8e33e0-b1df-4841-8136-55253c666a33,2026_W27,P114,Executive,Sports,Dell,946.98,1980.84
6d8e33e0-b1df-4841-8136-55253c666a33,2026_W27,P115,Interest,Fashion,Adidas,4703.41,10677.61
6d8e33e0-b1df-4841-8136-55253c666a33,2026_W27,P116,Herself,Electronics,Nokia,3383.35,7151.55
6d8e33e0-b1df-4841-8136-55253c666a33,2026_W27,P117,Case,Books,Nokia,1093.15,1818.08
6d8e33e0-b1df-4841-8136-55253c666a33,2026_W27,P118,Hot,Sports,Boat,4310.66,9270.95
6d8e33e0-b1df-4841-8136-55253c666a33,2026_W27,P119,North,Fashion,Samsung,4797.33,9225.28
6d8e33e0-b1df-4841-8136-55253c666a33,2026_W27,P120,Should,Electronics,Sony,2412.35,4076.33
6d8e33e0-b1df-4841-8136-55253c666a33,2026_W27,P121,Spend,Home,Nokia,4769.72,7793.76
6d8e33e0-b1df-4841-8136-55253c666a33,2026_W27,P122,Bring,Home,Noise,4104.28,9537.16
6d8e33e0-b1df-4841-8136-55253c666a33,2026_W27,P123,Remain,Books,Boat,4896.14,11056.51
6d8e33e0-b1df-4841-8136-55253c666a33,2026_W27,P124,Raise,Home,Adidas,2502.74,5965.84
6d8e33e0-b1df-4841-8136-55253c666a33,2026_W27,P125,Speech,Beauty,Adidas,4103.89,9952.48
6d8e33e0-b1df-4841-8136-55253c666a33,2026_W27,P126,Her,Beauty,Boat,4906.8,9456.09
6d8e33e0-b1df-4841-8136-55253c666a33,2026_W27,P127,Box,Home,Sony,3084.33,4862.09
6d8e33e0-b1df-4841-8136-55253c666a33,2026_W27,P128,Process,Electronics,Apple,1493.85,3543.69
6d8e33e0-b1df-4841-8136-55253c666a33,2026_W27,P129,Support,Electronics,Noise,4231.45,10030.81
6d8e33e0-b1df-4841-8136-55253c666a33,2026_W27,P130,Act,Fashion,Nike,3973.24,9584.05
6d8e33e0-b1df-4841-8136-55253c666a33,2026_W27,P131,Glass,Electronics,Dell,3173.88,6362.71
6d8e33e0-b1df-4841-8136-55253c666a33,2026_W27,P132,Father,Books,Nokia,4506.42,6975.87
6d8e33e0-b1df-4841-8136-55253c666a33,2026_W27,P133,Ability,Fashion,Sony,4487.53,10395.42
6d8e33e0-b1df-4841-8136-55253c666a33,2026_W27,P134,Clearly,Beauty,Apple,1610.52,3480.9
6d8e33e0-b1df-4841-8136-55253c666a33,2026_W27,P135,Find,Books,Dell,2434.28,5890.55
6d8e33e0-b1df-4841-8136-55253c666a33,2026_W27,P136,Nation,Home,Dell,4299.8,10500.45
6d8e33e0-b1df-4841-8136-55253c666a33,2026_W27,P137,Night,Electronics,Samsung,1536.99,2618.72
6d8e33e0-b1df-4841-8136-55253c666a33,2026_W27,P138,Authority,Sports,Boat,4220.6,6625.4
6d8e33e0-b1df-4841-8136-55253c666a33,2026_W27,P139,Yard,Home,Nike,4598.19,7373.8
6d8e33e0-b1df-4841-8136-55253c666a33,2026_W27,P140,Song,Electronics,Nokia,1621.17,3100.99
6d8e33e0-b1df-4841-8136-55253c666a33,2026_W27,P141,Boy,Fashion,Apple,4071.58,9271.32
6d8e33e0-b1df-4841-8136-55253c666a33,2026_W27,P142,Ground,Electronics,Apple,4268.08,9238.71
6d8e33e0-b1df-4841-8136-55253c666a33,2026_W27,P143,Former,Fashion,Puma,4410.36,7220.76
6d8e33e0-b1df-4841-8136-55253c666a33,2026_W27,P144,Strong,Electronics,Puma,1835.28,4498.08
6d8e33e0-b1df-4841-8136-55253c666a33,2026_W27,P145,What,Fashion,Boat,3195.22,6190.5
6d8e33e0-b1df-4841-8136-55253c666a33,2026_W27,P146,Some,Sports,Dell,1016.13,1678.25
6d8e33e0-b1df-4841-8136-55253c666a33,2026_W27,P147,Film,Home,Apple,2516.7,4417.37
6d8e33e0-b1df-4841-8136-55253c666a33,2026_W27,P148,Strategy,Books,Noise,903.3,1578.46
6d8e33e0-b1df-4841-8136-55253c666a33,2026_W27,P149,Answer,Beauty,Puma,1136.85,2710.59
6d8e33e0-b1df-4841-8136-55253c666a33,2026_W27,P150,Free,Sports,Noise,1823.2,3907.63
6d8e33e0-b1df-4841-8136-55253c666a33,2026_W27,P151,Treat,Beauty,Apple,4257.55,9624.05
6d8e33e0-b1df-4841-8136-55253c666a33,2026_W27,P152,It,Sports,Noise,2837.96,5413.06
6d8e33e0-b1df-4841-8136-55253c666a33,2026_W27,P153,North,Books,Samsung,3538.11,6806.07
6d8e33e0-b1df-4841-8136-55253c666a33,2026_W27,P154,Hear,Fashion,Adidas,2151.71,3395.73
6d8e33e0-b1df-4841-8136-55253c666a33,2026_W27,P155,Everyone,Electronics,Boat,4778.68,7895.96
6d8e33e0-b1df-4841-8136-55253c666a33,2026_W27,P156,Moment,Beauty,Nike,1149.71,2724.78
6d8e33e0-b1df-4841-8136-55253c666a33,2026_W27,P157,Music,Books,Nike,3175.82,6934.8
6d8e33e0-b1df-4841-8136-55253c666a33,2026_W27,P158,Travel,Beauty,Boat,2678.03,5070.42
6d8e33e0-b1df-4841-8136-55253c666a33,2026_W27,P159,Determine,Books,Noise,3330.75,5801.91
6d8e33e0-b1df-4841-8136-55253c666a33,2026_W27,P160,Represent,Fashion,Nike,2480.1,5179.64
6d8e33e0-b1df-4841-8136-55253c666a33,2026_W27,P161,Control,Books,Boat,2499.7,4439.61
6d8e33e0-b1df-4841-8136-55253c666a33,2026_W27,P162,Stay,Sports,Dell,3317.87,7889.79
6d8e33e0-b1df-4841-8136-55253c666a33,2026_W27,P163,First,Fashion,Nokia,3006.37,5553.52
6d8e33e0-b1df-4841-8136-55253c666a33,2026_W27,P164,Next,Beauty,Dell,2112.69,4106.87
6d8e33e0-b1df-4841-8136-55253c666a33,2026_W27,P165,Century,Sports,Adidas,2362.19,4483.27
6d8e33e0-b1df-4841-8136-55253c666a33,2026_W27,P166,Reach,Beauty,Dell,2389.85,4248.29
6d8e33e0-b1df-4841-8136-55253c666a33,2026_W27,P167,Art,Sports,Noise,2731.78,5498.71
6d8e33e0-b1df-4841-8136-55253c666a33,2026_W27,P168,Spring,Home,Nokia,3098.86,6037.57
6d8e33e0-b1df-4841-8136-55253c666a33,2026_W27,P169,Part,Books,Adidas,4663.72,10966.13
6d8e33e0-b1df-4841-8136-55253c666a33,2026_W27,P170,Choose,Home,Dell,1418.27,2647.64
6d8e33e0-b1df-4841-8136-55253c666a33,2026_W27,P171,Occur,Beauty,Adidas,1085.36,2305.74
6d8e33e0-b1df-4841-8136-55253c666a33,2026_W27,P172,Common,Sports,Puma,3518.71,7555.52
6d8e33e0-b1df-4841-8136-55253c666a33,2026_W27,P173,Go,Books,Dell,4629.05,7576.76
6d8e33e0-b1df-4841-8136-55253c666a33,2026_W27,P174,Live,Electronics,Dell,1017.18,2207.85
6d8e33e0-b1df-4841-8136-55253c666a33,2026_W27,P175,Become,Sports,Boat,1795.65,3999.32
6d8e33e0-b1df-4841-8136-55253c666a33,2026_W27,P176,Crime,Fashion,Nokia,2221.92,4894.11
6d8e33e0-b1df-4841-8136-55253c666a33,2026_W27,P177,Eye,Beauty,Nokia,4018.79,9676.29
6d8e33e0-b1df-4841-8136-55253c666a33,2026_W27,P178,Whatever,Beauty,Sony,3556.11,7836.39
6d8e33e0-b1df-4841-8136-55253c666a33,2026_W27,P179,Politics,Electronics,Adidas,2060.17,4820.9
6d8e33e0-b1df-4841-8136-55253c666a33,2026_W27,P180,Early,Home,Dell,1114.51,2355.52
6d8e33e0-b1df-4841-8136-55253c666a33,2026_W27,P181,Fine,Fashion,Puma,2704.99,5516.14
6d8e33e0-b1df-4841-8136-55253c666a33,2026_W27,P182,Compare,Books,Noise,2244.11,4946.93
6d8e33e0-b1df-4841-8136-55253c666a33,2026_W27,P183,What,Electronics,Dell,2054.8,4514.63
6d8e33e0-b1df-4841-8136-55253c666a33,2026_W27,P184,Style,Home,Sony,1534.59,2360.41
6d8e33e0-b1df-4841-8136-55253c666a33,2026_W27,P185,Science,Beauty,Dell,1657.74,2854.87
6d8e33e0-b1df-4841-8136-55253c666a33,2026_W27,P186,Energy,Fashion,Apple,3416.83,7480.33
6d8e33e0-b1df-4841-8136-55253c666a33,2026_W27,P187,Trouble,Electronics,Dell,2676.67,6341.6
6d8e33e0-b1df-4841-8136-55253c666a33,2026_W27,P188,Most,Electronics,Puma,1497.1,2967.62
6d8e33e0-b1df-4841-8136-55253c666a33,2026_W27,P189,Author,Books,Nokia,3479.42,5649.84
6d8e33e0-b1df-4841-8136-55253c666a33,2026_W27,P190,Move,Beauty,Dell,1365.33,3207.6
6d8e33e0-b1df-4841-8136-55253c666a33,2026_W27,P191,Half,Home,Adidas,4071.79,9506.3
6d8e33e0-b1df-4841-8136-55253c666a33,2026_W27,P192,Than,Sports,Nokia,4849.69,11414.94
6d8e33e0-b1df-4841-8136-55253c666a33,2026_W27,P193,Those,Fashion,Nokia,4096.0,8599.49
6d8e33e0-b1df-4841-8136-55253c666a33,2026_W27,P194,Risk,Electronics,Noise,1063.52,2286.6
6d8e33e0-b1df-4841-8136-55253c666a33,2026_W27,P195,Finally,Electronics,Adidas,2688.68,6655.83
6d8e33e0-b1df-4841-8136-55253c666a33,2026_W27,P196,Of,Sports,Nokia,3956.88,9515.08
6d8e33e0-b1df-4841-8136-55253c666a33,2026_W27,P197,Character,Fashion,Dell,4470.79,10992.71
6d8e33e0-b1df-4841-8136-55253c666a33,2026_W27,P198,Thousand,Fashion,Apple,2410.41,4611.32
6d8e33e0-b1df-4841-8136-55253c666a33,2026_W27,P199,True,Beauty,Nokia,2302.9,4054.66
6d8e33e0-b1df-4841-8136-55253c666a33,2026_W27,P200,Happen,Beauty,Adidas,1847.0,4553.19
